db_id,prov_code,cert_status,ci_year,rspo_member,year_join_rspo,country_prov_code,prov_name,prov,latitude,longitude
ID-KB-001,KB,not-certified,NA,N,NA,ID-KB,Kalimantan Barat,KB,-0.1086,110.2924
ID-KB-002,KB,not-certified,NA,N,NA,ID-KB,Kalimantan Barat,KB,-0.029,110.4542
ID-KB-003,KB,not-certified,NA,N,NA,ID-KB,Kalimantan Barat,KB,0.2505,110.3029
ID-KB-004,KB,not-certified,NA,N,NA,ID-KB,Kalimantan Barat,KB,0.3428,109.9391
ID-KB-005,KB,not-certified,NA,N,NA,ID-KB,Kalimantan Barat,KB,0.4639,110.3735
ID-KB-006,KB,certified,NA,Y,2005,ID-KB,Kalimantan Barat,KB,-0.0221,109.4246
ID-KB-007,KB,not-certified,NA,N,NA,ID-KB,Kalimantan Barat,KB,1.168,109.5861
ID-KB-008,KB,not-certified,NA,N,NA,ID-KB,Kalimantan Barat,KB,-0.1115,110.333
ID-KB-009,KB,not-certified,NA,N,NA,ID-KB,Kalimantan Barat,KB,0.0614,110.7488
ID-KB-010,KB,certified,2010,Y,2004,ID-KB,Kalimantan Barat,KB,0.2689,110.4828
ID-KB-011,KB,not-certified,NA,Y,2004,ID-KB,Kalimantan Barat,KB,0.3577,110.431
ID-KB-012,KB,not-certified,NA,N,NA,ID-KB,Kalimantan Barat,KB,0.0806,111.1921
ID-KB-013,KB,not-certified,NA,N,NA,ID-KB,Kalimantan Barat,KB,-0.04,110.1939
ID-KB-014,KB,not-certified,NA,N,NA,ID-KB,Kalimantan Barat,KB,-0.0408,110.8064
ID-KB-015,KB,not-certified,NA,N,NA,ID-KB,Kalimantan Barat,KB,-0.3082,111.5985
ID-KB-016,KB,not-certified,NA,N,NA,ID-KB,Kalimantan Barat,KB,-1.1006,110.4677
ID-KB-017,KB,not-certified,NA,Y,2004,ID-KB,Kalimantan Barat,KB,-2.2838,110.8715
ID-KB-018,KB,certified,2013,Y,2004,ID-KB,Kalimantan Barat,KB,-2.4824,111.0176
ID-KB-019,KB,not-certified,NA,N,NA,ID-KB,Kalimantan Barat,KB,-2.2709,110.6776
ID-KB-020,KB,not-certified,NA,Y,2007,ID-KB,Kalimantan Barat,KB,-1.7504,110.4932
ID-KB-021,KB,certified,2013,Y,2004,ID-KB,Kalimantan Barat,KB,-2.4334,110.818
ID-KB-022,KB,not-certified,NA,N,NA,ID-KB,Kalimantan Barat,KB,-0.3658,109.301
ID-KB-023,KB,certified,2011,Y,2004,ID-KB,Kalimantan Barat,KB,-2.1692,110.6743
ID-KB-024,KB,not-certified,NA,N,NA,ID-KB,Kalimantan Barat,KB,0.1149,110.7582
ID-KB-025,KB,not-certified,NA,N,NA,ID-KB,Kalimantan Barat,KB,1.4294,109.603
ID-KB-026,KB,certified,2011,Y,2005,ID-KB,Kalimantan Barat,KB,1.3536,109.508
ID-KB-027,KB,not-certified,NA,Y,2005,ID-KB,Kalimantan Barat,KB,0.2745,109.7314
ID-KB-028,KB,not-certified,NA,Y,2011,ID-KB,Kalimantan Barat,KB,-1.5195,110.4587
ID-KB-029,KB,not-certified,NA,N,NA,ID-KB,Kalimantan Barat,KB,0.7314,110.4626
ID-KB-030,KB,certified,2015,Y,2007,ID-KB,Kalimantan Barat,KB,-2.4461,110.2661
ID-KB-031,KB,not-certified,NA,N,NA,ID-KB,Kalimantan Barat,KB,0.2133,111.5511
ID-KB-032,KB,not-certified,NA,N,NA,ID-KB,Kalimantan Barat,KB,0.2276,111.665
ID-KB-033,KB,not-certified,NA,Y,2007,ID-KB,Kalimantan Barat,KB,0.5186,111.5876
ID-KB-034,KB,not-certified,NA,N,NA,ID-KB,Kalimantan Barat,KB,0.141,111.4855
ID-KB-035,KB,not-certified,NA,N,NA,ID-KB,Kalimantan Barat,KB,0.7392,108.9424
ID-KB-036,KB,not-certified,NA,N,NA,ID-KB,Kalimantan Barat,KB,-0.9999,110.196
ID-KB-037,KB,not-certified,NA,N,NA,ID-KB,Kalimantan Barat,KB,-0.4102,110.1825
ID-KB-038,KB,not-certified,NA,Y,2005,ID-KB,Kalimantan Barat,KB,0.3032,110.196
ID-KB-039,KB,not-certified,NA,Y,2008,ID-KB,Kalimantan Barat,KB,-1.7167,110.3546
ID-KB-040,KB,not-certified,NA,Y,2008,ID-KB,Kalimantan Barat,KB,-1.0809,110.3838
ID-KB-041,KB,not-certified,NA,N,NA,ID-KB,Kalimantan Barat,KB,-0.2669,109.2513
ID-KB-042,KB,not-certified,NA,N,NA,ID-KB,Kalimantan Barat,KB,0.3361,111.8137
ID-KB-043,KB,certified,2013,Y,2004,ID-KB,Kalimantan Barat,KB,-2.5146,110.9152
ID-KB-044,KB,not-certified,NA,Y,2004,ID-KB,Kalimantan Barat,KB,-2.3394,110.9674
ID-KB-045,KB,certified,2014,Y,2011,ID-KB,Kalimantan Barat,KB,-2.142,110.5165
ID-KB-046,KB,not-certified,NA,Y,2006,ID-KB,Kalimantan Barat,KB,-1.3839,110.4784
ID-KB-047,KB,not-certified,NA,N,NA,ID-KB,Kalimantan Barat,KB,1.1452,109.3194
ID-KB-048,KB,not-certified,NA,N,NA,ID-KB,Kalimantan Barat,KB,1.3689,109.6841
ID-KB-049,KB,not-certified,NA,N,NA,ID-KB,Kalimantan Barat,KB,1.3008,109.6669
ID-KB-050,KB,not-certified,NA,N,NA,ID-KB,Kalimantan Barat,KB,1.4647,109.7164
ID-KB-051,KB,not-certified,NA,N,NA,ID-KB,Kalimantan Barat,KB,0.3007,109.1763
ID-KB-052,KB,not-certified,NA,N,NA,ID-KB,Kalimantan Barat,KB,-2.6835,110.981
ID-KB-053,KB,not-certified,NA,N,NA,ID-KB,Kalimantan Barat,KB,-0.1109,110.7329
ID-KB-054,KB,not-certified,NA,N,NA,ID-KB,Kalimantan Barat,KB,0.47,111.2117
ID-KB-055,KB,not-certified,NA,Y,2011,ID-KB,Kalimantan Barat,KB,0.4864,111.8445
ID-KB-056,KB,not-certified,NA,N,NA,ID-KB,Kalimantan Barat,KB,0.2117,111.0773
ID-KB-057,KB,not-certified,NA,N,NA,ID-KB,Kalimantan Barat,KB,-0.0186,109.544
ID-KB-058,KB,not-certified,NA,N,NA,ID-KB,Kalimantan Barat,KB,-0.4523,109.2657
ID-KB-059,KB,not-certified,NA,N,NA,ID-KB,Kalimantan Barat,KB,1.267,109.2246
ID-KB-060,KB,not-certified,NA,N,NA,ID-KB,Kalimantan Barat,KB,0.9563,111.8828
ID-KB-061,KB,not-certified,NA,N,NA,ID-KB,Kalimantan Barat,KB,1.1809,109.4364
ID-KB-062,KB,not-certified,NA,Y,2004,ID-KB,Kalimantan Barat,KB,1.3587,109.3832
ID-KB-063,KB,not-certified,NA,N,NA,ID-KB,Kalimantan Barat,KB,-0.1214,110.758
ID-KB-064,KB,not-certified,NA,Y,2006,ID-KB,Kalimantan Barat,KB,0.0445,111.0255
ID-KB-065,KB,not-certified,NA,N,NA,ID-KB,Kalimantan Barat,KB,-1.9329,110.494
ID-KB-066,KB,not-certified,NA,Y,2007,ID-KB,Kalimantan Barat,KB,-2.5471,110.3824
ID-KB-067,KB,not-certified,NA,Y,2005,ID-KB,Kalimantan Barat,KB,0.5237,109.9776
ID-KB-068,KB,not-certified,NA,N,NA,ID-KB,Kalimantan Barat,KB,0.4011,110.2648
ID-KB-069,KB,not-certified,NA,N,NA,ID-KB,Kalimantan Barat,KB,0.1543,109.8782
ID-KB-070,KB,not-certified,NA,N,NA,ID-KB,Kalimantan Barat,KB,0.2215,109.5292
ID-KB-071,KB,not-certified,NA,Y,2007,ID-KB,Kalimantan Barat,KB,-1.4499,110.2307
ID-KB-072,KB,not-certified,NA,Y,2007,ID-KB,Kalimantan Barat,KB,-1.5474,110.3437
ID-KB-073,KB,not-certified,NA,Y,2008,ID-KB,Kalimantan Barat,KB,-1.9101,110.859
ID-KB-074,KB,not-certified,NA,Y,2008,ID-KB,Kalimantan Barat,KB,-2.1205,110.9793
ID-KB-075,KB,not-certified,NA,N,NA,ID-KB,Kalimantan Barat,KB,0.5396,110.4196
ID-KB-076,KB,not-certified,NA,N,NA,ID-KB,Kalimantan Barat,KB,-0.8296,109.8845
ID-KB-077,KB,not-certified,NA,Y,2004,ID-KB,Kalimantan Barat,KB,-2.7953,110.5861
ID-KB-078,KB,not-certified,NA,N,NA,ID-KB,Kalimantan Barat,KB,0.8738,111.864
ID-KB-079,KB,not-certified,NA,N,NA,ID-KB,Kalimantan Barat,KB,1.0447,109.5794
ID-KB-080,KB,not-certified,NA,N,NA,ID-KB,Kalimantan Barat,KB,-0.4761,110.1499
ID-KB-081,KB,not-certified,NA,Y,2007,ID-KB,Kalimantan Barat,KB,-2.2829,110.5031
ID-KB-082,KB,not-certified,NA,Y,2004,ID-KB,Kalimantan Barat,KB,-2.3123,110.4275
ID-KB-083,KB,not-certified,NA,Y,2007,ID-KB,Kalimantan Barat,KB,-1.2135,110.5234
ID-KB-084,KB,not-certified,NA,N,NA,ID-KB,Kalimantan Barat,KB,1.2679,109.8158
ID-KB-085,KB,not-certified,NA,N,NA,ID-KB,Kalimantan Barat,KB,-2.3728,110.6443
ID-KB-086,KB,not-certified,NA,N,NA,ID-KB,Kalimantan Barat,KB,0.2359,109.8518
ID-KB-087,KB,not-certified,NA,N,NA,ID-KB,Kalimantan Barat,KB,-0.8681,109.6281
ID-KB-088,KB,not-certified,NA,N,NA,ID-KB,Kalimantan Barat,KB,0.9363,109.1687
ID-KB-089,KB,not-certified,NA,N,NA,ID-KB,Kalimantan Barat,KB,-0.0339,110.0671
ID-KB-090,KB,not-certified,NA,N,NA,ID-KB,Kalimantan Barat,KB,0.8053,110.7655
ID-KB-091,KB,not-certified,NA,N,NA,ID-KB,Kalimantan Barat,KB,0.0698,110.6965
ID-KB-092,KB,not-certified,NA,N,NA,ID-KB,Kalimantan Barat,KB,0.5005,111.4898
ID-KB-093,KB,not-certified,NA,N,NA,ID-KB,Kalimantan Barat,KB,0.028,111.4336
ID-KB-094,KB,not-certified,NA,N,NA,ID-KB,Kalimantan Barat,KB,0.6134,109.9314
ID-KB-095,KB,not-certified,NA,N,NA,ID-KB,Kalimantan Barat,KB,0.3586,109.9749
ID-KI-001,KI,not-certified,NA,N,NA,ID-KI,Kalimantan Timur,KI,-1.6736,116.1262
ID-KI-002,KI,not-certified,NA,N,NA,ID-KI,Kalimantan Timur,KI,-1.929,116.1254
ID-KI-003,KI,not-certified,NA,N,NA,ID-KI,Kalimantan Timur,KI,-1.419,116.2501
ID-KI-004,KI,not-certified,NA,N,NA,ID-KI,Kalimantan Timur,KI,-2.3829,116.5258
ID-KI-005,KI,not-certified,NA,N,NA,ID-KI,Kalimantan Timur,KI,-1.8852,116.0599
ID-KI-006,KI,not-certified,NA,N,NA,ID-KI,Kalimantan Timur,KI,-2.2224,116.3561
ID-KI-007,KI,not-certified,NA,N,NA,ID-KI,Kalimantan Timur,KI,-2.234,116.0492
ID-KI-008,KI,not-certified,NA,N,NA,ID-KI,Kalimantan Timur,KI,-2.0332,116.401
ID-KI-009,KI,not-certified,NA,N,NA,ID-KI,Kalimantan Timur,KI,-2.2662,116.0165
ID-KI-010,KI,not-certified,NA,N,NA,ID-KI,Kalimantan Timur,KI,-2.1508,116.0839
ID-KI-011,KI,not-certified,NA,N,NA,ID-KI,Kalimantan Timur,KI,-1.4843,116.3167
ID-KI-012,KI,not-certified,NA,Y,2007,ID-KI,Kalimantan Timur,KI,-1.3533,116.3829
ID-KI-013,KI,not-certified,NA,N,NA,ID-KI,Kalimantan Timur,KI,-1.7533,116.1213
"ID-KI-014",KI,not-certified,NA,Y,2012,ID-KI,Kalimantan Timur,KI,-1.4393,116.3983
ID-KI-015,KI,not-certified,NA,N,NA,ID-KI,Kalimantan Timur,KI,-1.8428,116.068
ID-KI-016,KI,not-certified,NA,N,NA,ID-KI,Kalimantan Timur,KI,-2.091,116.1227
ID-KI-017,KI,not-certified,NA,N,NA,ID-KI,Kalimantan Timur,KI,-1.3295,116.5448
ID-KI-018,KI,not-certified,NA,N,NA,ID-KI,Kalimantan Timur,KI,-1.4927,116.4442
ID-KI-019,KI,not-certified,NA,Y,2014,ID-KI,Kalimantan Timur,KI,-1.0152,116.6896
ID-KI-020,KI,not-certified,NA,N,NA,ID-KI,Kalimantan Timur,KI,-1.2809,116.637
ID-KI-021,KI,not-certified,NA,N,NA,ID-KI,Kalimantan Timur,KI,-1.3812,116.4747
ID-KI-022,KI,not-certified,NA,N,NA,ID-KI,Kalimantan Timur,KI,-1.2408,116.645
ID-KI-023,KI,not-certified,NA,N,NA,ID-KI,Kalimantan Timur,KI,-0.5975,116.1396
ID-KI-024,KI,not-certified,NA,Y,2014,ID-KI,Kalimantan Timur,KI,-0.6974,116.2619
ID-KI-025,KI,not-certified,NA,N,NA,ID-KI,Kalimantan Timur,KI,-0.6428,115.7388
ID-KI-026,KI,not-certified,NA,N,NA,ID-KI,Kalimantan Timur,KI,-0.6626,115.5908
ID-KI-027,KI,not-certified,NA,N,NA,ID-KI,Kalimantan Timur,KI,1.2123,117.8085
ID-KI-028,KI,not-certified,NA,N,NA,ID-KI,Kalimantan Timur,KI,1.0004,117.769
ID-KI-029,KI,not-certified,NA,N,NA,ID-KI,Kalimantan Timur,KI,0.9712,118.1815
ID-KI-030,KI,certified,2013,Y,2011,ID-KI,Kalimantan Timur,KI,1.1112,117.0229
ID-KI-031,KI,not-certified,NA,Y,2011,ID-KI,Kalimantan Timur,KI,1.1112,117.0212
ID-KI-032,KI,certified,2014,Y,2011,ID-KI,Kalimantan Timur,KI,0.9513,116.9154
ID-KI-033,KI,not-certified,NA,Y,2011,ID-KI,Kalimantan Timur,KI,0.9708,116.8282
ID-KI-034,KI,certified,2012,Y,2012,ID-KI,Kalimantan Timur,KI,1.1239,116.8519
ID-KI-035,KI,certified,2013,Y,2012,ID-KI,Kalimantan Timur,KI,1.2497,116.7284
ID-KI-036,KI,certified,NA,Y,2012,ID-KI,Kalimantan Timur,KI,1.1522,116.7466
ID-KI-037,KI,certified,2013,Y,2012,ID-KI,Kalimantan Timur,KI,1.2559,116.8759
ID-KI-038,KI,not-certified,NA,Y,2012,ID-KI,Kalimantan Timur,KI,1.2827,116.7823
ID-KI-039,KI,not-certified,NA,N,NA,ID-KI,Kalimantan Timur,KI,0.9923,116.7528
ID-KI-040,KI,not-certified,NA,N,NA,ID-KI,Kalimantan Timur,KI,0.9123,116.7343
ID-KI-041,KI,not-certified,NA,N,NA,ID-KI,Kalimantan Timur,KI,1.2459,117.6939
ID-KI-042,KI,not-certified,NA,N,NA,ID-KI,Kalimantan Timur,KI,1.0796,117.7204
ID-KI-043,KI,not-certified,NA,N,NA,ID-KI,Kalimantan Timur,KI,0.511,116.7809
ID-KI-044,KI,not-certified,NA,N,NA,ID-KI,Kalimantan Timur,KI,1.0141,118.0485
ID-KI-045,KI,not-certified,NA,Y,2007,ID-KI,Kalimantan Timur,KI,1.2233,117.8789
ID-KI-046,KI,not-certified,NA,N,NA,ID-KI,Kalimantan Timur,KI,0.7512,117.4058
ID-KI-048,KI,not-certified,NA,N,NA,ID-KI,Kalimantan Timur,KI,0.7827,117.9915
ID-KI-049,KI,not-certified,NA,N,NA,ID-KI,Kalimantan Timur,KI,0.9667,117.7919
ID-KI-050,KI,not-certified,NA,N,NA,ID-KI,Kalimantan Timur,KI,0.7239,117.6585
ID-KI-051,KI,not-certified,NA,Y,2008,ID-KI,Kalimantan Timur,KI,0.4214,116.4907
ID-KI-052,KI,not-certified,NA,N,NA,ID-KI,Kalimantan Timur,KI,0.7912,117.2828
ID-KI-053,KI,not-certified,NA,N,NA,ID-KI,Kalimantan Timur,KI,0.75,117.35
ID-KI-054,KI,not-certified,NA,N,NA,ID-KI,Kalimantan Timur,KI,0.2795,116.8446
ID-KI-055,KI,not-certified,NA,N,NA,ID-KI,Kalimantan Timur,KI,1.5138,118.2657
ID-KI-056,KI,not-certified,NA,Y,2004,ID-KI,Kalimantan Timur,KI,2.212,117.1671
ID-KI-057,KI,not-certified,NA,Y,2004,ID-KI,Kalimantan Timur,KI,2.1427,117.2987
ID-KI-058,KI,not-certified,NA,N,NA,ID-KI,Kalimantan Timur,KI,1.3742,117.1447
ID-KI-059,KI,not-certified,NA,Y,2007,ID-KI,Kalimantan Timur,KI,1.4409,117.2096
ID-KI-060,KI,not-certified,NA,Y,2007,ID-KI,Kalimantan Timur,KI,1.6064,118.0444
ID-KI-061,KI,certified,NA,Y,2004,ID-KI,Kalimantan Timur,KI,1.252,118.3491
ID-KI-062,KI,not-certified,NA,N,NA,ID-KI,Kalimantan Timur,KI,2.3402,118.0619
ID-KI-063,KI,certified,2011,Y,2007,ID-KI,Kalimantan Timur,KI,0.2578,116.15
ID-KI-064,KI,certified,2011,Y,2007,ID-KI,Kalimantan Timur,KI,0.2642,116.2701
ID-KI-065,KI,not-certified,NA,Y,2005,ID-KI,Kalimantan Timur,KI,-0.4179,117.3646
ID-KI-066,KI,certified,2013,Y,2006,ID-KI,Kalimantan Timur,KI,-0.2977,116.7637
ID-KI-067,KI,not-certified,NA,N,NA,ID-KI,Kalimantan Timur,KI,-0.0669,116.8298
ID-KI-068,KI,not-certified,NA,N,NA,ID-KI,Kalimantan Timur,KI,-0.0895,117.0339
ID-KI-069,KI,not-certified,NA,N,NA,ID-KI,Kalimantan Timur,KI,0.0149,116.9669
ID-KI-070,KI,not-certified,NA,Y,2008,ID-KI,Kalimantan Timur,KI,-0.5621,116.3753
ID-KI-071,KI,not-certified,NA,Y,2007,ID-KI,Kalimantan Timur,KI,0.4226,116.1499
ID-KI-072,KI,not-certified,NA,N,NA,ID-KI,Kalimantan Timur,KI,-0.1541,117.0105
ID-KI-073,KI,not-certified,NA,N,NA,ID-KI,Kalimantan Timur,KI,-0.3389,116.8807
ID-KI-074,KI,not-certified,NA,N,NA,ID-KI,Kalimantan Timur,KI,0.0548,116.38
ID-KI-075,KI,not-certified,NA,N,NA,ID-KI,Kalimantan Timur,KI,-0.5923,116.8225
ID-KI-077,KI,not-certified,NA,N,NA,ID-KI,Kalimantan Timur,KI,0.9054,118.4248
ID-KI-078,KI,not-certified,NA,N,NA,ID-KI,Kalimantan Timur,KI,1.2651,117.6025
ID-KI-081,KI,not-certified,NA,N,NA,ID-KI,Kalimantan Timur,KI,1.421,117.8564
ID-KI-082,KI,not-certified,NA,N,NA,ID-KI,Kalimantan Timur,KI,-0.3327,116.6581
ID-KI-083,KI,not-certified,NA,N,NA,ID-KI,Kalimantan Timur,KI,0.1359,116.9165
ID-KI-084,KI,not-certified,NA,N,NA,ID-KI,Kalimantan Timur,KI,0.0179,116.8418
ID-KI-085,KI,not-certified,NA,N,NA,ID-KI,Kalimantan Timur,KI,0.1961,116.9801
ID-KI-086,KI,not-certified,NA,N,NA,ID-KI,Kalimantan Timur,KI,-0.729,117.1857
ID-KI-088,KI,not-certified,NA,N,NA,ID-KI,Kalimantan Timur,KI,-0.3511,117.3936
ID-KI-089,KI,not-certified,NA,N,NA,ID-KI,Kalimantan Timur,KI,-2.1805,116.2093
ID-KI-091,KI,not-certified,NA,N,NA,ID-KI,Kalimantan Timur,KI,-1.4822,116.1497
ID-KI-092,KI,not-certified,NA,N,NA,ID-KI,Kalimantan Timur,KI,1.1181,117.8088
ID-KI-093,KI,not-certified,NA,N,NA,ID-KI,Kalimantan Timur,KI,-1.6308,116.1403
ID-KI-094,KI,not-certified,NA,Y,2007,ID-KI,Kalimantan Timur,KI,0.7797,116.6098
ID-KI-095,KI,not-certified,NA,Y,2008,ID-KI,Kalimantan Timur,KI,-0.876,115.8912
ID-KS-001,KS,not-certified,NA,N,NA,ID-KS,Kalimantan Selatan,KS,-3.0543,114.8713
ID-KS-002,KS,not-certified,NA,N,NA,ID-KS,Kalimantan Selatan,KS,-2.9616,114.9859
ID-KS-003,KS,not-certified,NA,Y,2006,ID-KS,Kalimantan Selatan,KS,-3.0038,114.9355
ID-KS-004,KS,not-certified,NA,N,NA,ID-KS,Kalimantan Selatan,KS,-2.6529,114.9708
ID-KS-005,KS,not-certified,NA,N,NA,ID-KS,Kalimantan Selatan,KS,-2.138,115.4885
ID-KS-006,KS,not-certified,NA,N,NA,ID-KS,Kalimantan Selatan,KS,-1.9916,115.5091
ID-KS-007,KS,not-certified,NA,N,NA,ID-KS,Kalimantan Selatan,KS,-3.8106,115.1733
ID-KS-008,KS,certified,2014,Y,2012,ID-KS,Kalimantan Selatan,KS,-3.8229,114.9637
ID-KS-009,KS,certified,2011,Y,2011,ID-KS,Kalimantan Selatan,KS,-3.7902,115.2833
ID-KS-010,KS,not-certified,NA,N,NA,ID-KS,Kalimantan Selatan,KS,-3.8984,115.2052
ID-KS-011,KS,not-certified,NA,N,NA,ID-KS,Kalimantan Selatan,KS,-3.724,114.786
ID-KS-012,KS,not-certified,NA,N,NA,ID-KS,Kalimantan Selatan,KS,-3.9417,114.8161
ID-KS-013,KS,not-certified,NA,N,NA,ID-KS,Kalimantan Selatan,KS,-3.9451,114.9534
ID-KS-014,KS,certified,2014,Y,2012,ID-KS,Kalimantan Selatan,KS,-3.7384,115.4541
ID-KS-015,KS,certified,2010,Y,2004,ID-KS,Kalimantan Selatan,KS,-3.6122,115.611
ID-KS-016,KS,not-certified,NA,N,NA,ID-KS,Kalimantan Selatan,KS,-3.6739,115.4811
ID-KS-017,KS,not-certified,NA,Y,2004,ID-KS,Kalimantan Selatan,KS,-3.6728,115.6219
ID-KS-018,KS,certified,2013,Y,2004,ID-KS,Kalimantan Selatan,KS,-3.4898,115.7367
ID-KS-019,KS,not-certified,NA,Y,2014,ID-KS,Kalimantan Selatan,KS,-3.4522,115.6422
ID-KS-020,KS,certified,2011,Y,2011,ID-KS,Kalimantan Selatan,KS,-3.1976,116.0212
ID-KS-021,KS,not-certified,NA,Y,2011,ID-KS,Kalimantan Selatan,KS,-3.0522,116.0149
ID-KS-022,KS,not-certified,NA,Y,2011,ID-KS,Kalimantan Selatan,KS,-2.9433,116.0467
ID-KS-023,KS,not-certified,NA,Y,2011,ID-KS,Kalimantan Selatan,KS,-2.8083,116.1856
ID-KS-024,KS,certified,2010,Y,2004,ID-KS,Kalimantan Selatan,KS,-3.4955,116.1672
ID-KS-025,KS,certified,2013,Y,2004,ID-KS,Kalimantan Selatan,KS,-2.3786,116.2054
ID-KS-026,KS,certified,2011,Y,2004,ID-KS,Kalimantan Selatan,KS,-2.4391,116.1151
ID-KS-027,KS,certified,2011,Y,2004,ID-KS,Kalimantan Selatan,KS,-2.3738,116.3297
ID-KS-028,KS,certified,2011,Y,2004,ID-KS,Kalimantan Selatan,KS,-2.4808,116.5107
ID-KS-029,KS,not-certified,NA,Y,2004,ID-KS,Kalimantan Selatan,KS,-2.4976,116.203
ID-KS-030,KS,not-certified,NA,Y,2008,ID-KS,Kalimantan Selatan,KS,-3.3366,115.7712
ID-KS-031,KS,not-certified,NA,N,NA,ID-KS,Kalimantan Selatan,KS,-3.9649,116.0982
ID-KS-032,KS,not-certified,NA,N,NA,ID-KS,Kalimantan Selatan,KS,-2.4009,115.9899
ID-KS-033,KS,not-certified,NA,N,NA,ID-KS,Kalimantan Selatan,KS,-2.9629,114.7102
ID-KS-034,KS,not-certified,NA,N,NA,ID-KS,Kalimantan Selatan,KS,-3.0208,115.9467
ID-KS-035,KS,not-certified,NA,N,NA,ID-KS,Kalimantan Selatan,KS,-2.9982,115.9568
ID-KS-036,KS,not-certified,NA,N,NA,ID-KS,Kalimantan Selatan,KS,-2.9709,115.9547
ID-KS-037,KS,not-certified,NA,Y,2008,ID-KS,Kalimantan Selatan,KS,-2.6235,116.1569
ID-KS-038,KS,not-certified,NA,Y,2011,ID-KS,Kalimantan Selatan,KS,-2.5473,116.14
ID-KS-039,KS,not-certified,NA,N,NA,ID-KS,Kalimantan Selatan,KS,-3.3728,115.9063
ID-KS-040,KS,not-certified,NA,N,NA,ID-KS,Kalimantan Selatan,KS,-3.9059,114.931
ID-KS-041,KS,not-certified,NA,N,NA,ID-KS,Kalimantan Selatan,KS,-2.9288,114.9514
ID-KT-001,KT,not-certified,NA,Y,2006,ID-KT,Kalimantan Tengah,KT,-0.8427,114.0791
ID-KT-002,KT,not-certified,NA,N,NA,ID-KT,Kalimantan Tengah,KT,-1.1133,114.8877
ID-KT-003,KT,not-certified,NA,N,NA,ID-KT,Kalimantan Tengah,KT,-1.1793,114.0318
ID-KT-004,KT,not-certified,NA,N,NA,ID-KT,Kalimantan Tengah,KT,-1.7518,115.0437
ID-KT-005,KT,not-certified,NA,N,NA,ID-KT,Kalimantan Tengah,KT,-2.0727,115.0685
ID-KT-006,KT,not-certified,NA,N,NA,ID-KT,Kalimantan Tengah,KT,-2.6751,114.3788
ID-KT-007,KT,not-certified,NA,N,NA,ID-KT,Kalimantan Tengah,KT,-1.5119,113.4667
ID-KT-008,KT,not-certified,NA,N,NA,ID-KT,Kalimantan Tengah,KT,-1.4215,113.4011
ID-KT-009,KT,not-certified,NA,N,NA,ID-KT,Kalimantan Tengah,KT,-1.9431,114.1813
ID-KT-010,KT,not-certified,NA,N,NA,ID-KT,Kalimantan Tengah,KT,-1.4382,112.8741
ID-KT-011,KT,not-certified,NA,N,NA,ID-KT,Kalimantan Tengah,KT,-1.4753,112.7495
ID-KT-012,KT,not-certified,NA,Y,2008,ID-KT,Kalimantan Tengah,KT,-1.5889,112.8619
ID-KT-013,KT,not-certified,NA,Y,2008,ID-KT,Kalimantan Tengah,KT,-1.6786,112.9374
ID-KT-014,KT,not-certified,NA,Y,2007,ID-KT,Kalimantan Tengah,KT,-1.5678,112.7204
ID-KT-015,KT,not-certified,NA,N,NA,ID-KT,Kalimantan Tengah,KT,-1.801,113.1817
ID-KT-016,KT,not-certified,NA,Y,2007,ID-KT,Kalimantan Tengah,KT,-1.883,113.0318
ID-KT-017,KT,certified,2013,Y,2007,ID-KT,Kalimantan Tengah,KT,-1.9937,113.062
ID-KT-018,KT,certified,2015,Y,2014,ID-KT,Kalimantan Tengah,KT,-1.9968,112.9273
ID-KT-019,KT,not-certified,NA,N,NA,ID-KT,Kalimantan Tengah,KT,-1.9937,112.8317
ID-KT-020,KT,not-certified,NA,N,NA,ID-KT,Kalimantan Tengah,KT,-1.9068,112.8329
ID-KT-021,KT,certified,2013,Y,2007,ID-KT,Kalimantan Tengah,KT,-1.7607,112.599
ID-KT-022,KT,certified,2012,Y,2004,ID-KT,Kalimantan Tengah,KT,-1.5952,112.5998
ID-KT-023,KT,certified,NA,Y,2007,ID-KT,Kalimantan Tengah,KT,-2.0987,113.0406
ID-KT-024,KT,not-certified,NA,Y,2007,ID-KT,Kalimantan Tengah,KT,-2.2534,113.3794
ID-KT-025,KT,not-certified,NA,N,NA,ID-KT,Kalimantan Tengah,KT,-2.133,112.9068
ID-KT-026,KT,not-certified,NA,Y,2007,ID-KT,Kalimantan Tengah,KT,-2.3911,111.3733
ID-KT-027,KT,certified,NA,Y,2014,ID-KT,Kalimantan Tengah,KT,-1.8576,112.3977
ID-KT-028,KT,not-certified,NA,Y,2014,ID-KT,Kalimantan Tengah,KT,-1.9225,112.2938
ID-KT-029,KT,not-certified,NA,Y,2011,ID-KT,Kalimantan Tengah,KT,-1.9705,112.3703
ID-KT-030,KT,not-certified,NA,Y,2004,ID-KT,Kalimantan Tengah,KT,-2.0423,112.49
ID-KT-031,KT,certified,2014,Y,2005,ID-KT,Kalimantan Tengah,KT,-2.1647,112.5694
ID-KT-032,KT,certified,NA,Y,2005,ID-KT,Kalimantan Tengah,KT,-2.2399,112.6305
ID-KT-033,KT,certified,2012,Y,2005,ID-KT,Kalimantan Tengah,KT,-2.2296,112.4933
ID-KT-034,KT,not-certified,NA,N,NA,ID-KT,Kalimantan Tengah,KT,-2.3773,111.7929
ID-KT-035,KT,not-certified,NA,N,NA,ID-KT,Kalimantan Tengah,KT,-2.3009,111.8373
ID-KT-036,KT,not-certified,NA,N,NA,ID-KT,Kalimantan Tengah,KT,-2.0919,111.4871
ID-KT-037,KT,not-certified,NA,N,NA,ID-KT,Kalimantan Tengah,KT,-2.255,111.976
ID-KT-038,KT,not-certified,NA,N,NA,ID-KT,Kalimantan Tengah,KT,-2.4874,113.0073
ID-KT-039,KT,not-certified,NA,Y,2004,ID-KT,Kalimantan Tengah,KT,-2.4316,112.7513
ID-KT-040,KT,certified,2011,Y,2004,ID-KT,Kalimantan Tengah,KT,-2.4783,112.6453
ID-KT-041,KT,not-certified,NA,N,NA,ID-KT,Kalimantan Tengah,KT,-2.5829,112.627
ID-KT-042,KT,certified,2015,Y,2005,ID-KT,Kalimantan Tengah,KT,-2.8358,112.5718
ID-KT-043,KT,certified,2012,Y,2005,ID-KT,Kalimantan Tengah,KT,-2.8944,112.5436
ID-KT-044,KT,not-certified,NA,Y,2007,ID-KT,Kalimantan Tengah,KT,-2.9505,112.3483
ID-KT-045,KT,certified,2009,Y,2004,ID-KT,Kalimantan Tengah,KT,-2.4438,112.0071
ID-KT-046,KT,certified,2012,Y,2011,ID-KT,Kalimantan Tengah,KT,-2.3202,112.3348
ID-KT-047,KT,certified,2010,Y,2004,ID-KT,Kalimantan Tengah,KT,-2.3811,112.5397
ID-KT-048,KT,not-certified,NA,Y,2007,ID-KT,Kalimantan Tengah,KT,-2.6304,111.2567
ID-KT-049,KT,not-certified,NA,N,NA,ID-KT,Kalimantan Tengah,KT,-2.0252,112.6719
ID-KT-050,KT,not-certified,NA,Y,2007,ID-KT,Kalimantan Tengah,KT,-2.1344,111.1825
ID-KT-051,KT,not-certified,NA,N,NA,ID-KT,Kalimantan Tengah,KT,-2.3656,111.9551
ID-KT-052,KT,certified,2011,Y,2011,ID-KT,Kalimantan Tengah,KT,-2.3609,112.1097
ID-KT-053,KT,not-certified,NA,N,NA,ID-KT,Kalimantan Tengah,KT,-2.2929,111.1674
ID-KT-054,KT,not-certified,NA,Y,2007,ID-KT,Kalimantan Tengah,KT,-2.3315,111.2804
ID-KT-055,KT,certified,2015,Y,2014,ID-KT,Kalimantan Tengah,KT,-2.5637,112.7694
ID-KT-056,KT,certified,2015,Y,2007,ID-KT,Kalimantan Tengah,KT,-2.2655,111.722
ID-KT-057,KT,certified,2012,Y,2007,ID-KT,Kalimantan Tengah,KT,-2.3045,111.6133
ID-KT-058,KT,not-certified,NA,Y,2007,ID-KT,Kalimantan Tengah,KT,-1.8502,111.4694
ID-KT-059,KT,not-certified,NA,Y,2007,ID-KT,Kalimantan Tengah,KT,-1.9117,111.5994
ID-KT-060,KT,not-certified,NA,N,NA,ID-KT,Kalimantan Tengah,KT,-2.1119,112.747
ID-KT-061,KT,certified,2012,Y,2014,ID-KT,Kalimantan Tengah,KT,-2.56,112.3735
ID-KT-062,KT,not-certified,NA,Y,2011,ID-KT,Kalimantan Tengah,KT,-2.0356,112.2387
ID-KT-063,KT,certified,2010,Y,2004,ID-KT,Kalimantan Tengah,KT,-2.0591,112.3168
ID-KT-064,KT,not-certified,NA,Y,2005,ID-KT,Kalimantan Tengah,KT,-2.6996,112.4828
ID-KT-065,KT,not-certified,NA,Y,2007,ID-KT,Kalimantan Tengah,KT,-2.7561,112.4371
ID-KT-066,KT,not-certified,NA,Y,2012,ID-KT,Kalimantan Tengah,KT,-1.9711,111.3519
ID-KT-067,KT,certified,2010,Y,2004,ID-KT,Kalimantan Tengah,KT,-2.1485,112.2915
ID-KT-068,KT,not-certified,NA,Y,2011,ID-KT,Kalimantan Tengah,KT,-2.2436,112.2993
ID-KT-069,KT,certified,2010,Y,2004,ID-KT,Kalimantan Tengah,KT,-2.3703,112.6026
ID-KT-070,KT,certified,2012,Y,2011,ID-KT,Kalimantan Tengah,KT,-2.2481,112.3404
ID-KT-071,KT,not-certified,NA,N,NA,ID-KT,Kalimantan Tengah,KT,-2.1839,112.0343
ID-KT-072,KT,not-certified,NA,Y,2004,ID-KT,Kalimantan Tengah,KT,-2.1257,111.5563
ID-KT-073,KT,not-certified,NA,Y,2004,ID-KT,Kalimantan Tengah,KT,-2.5909,111.7726
ID-KT-075,KT,not-certified,NA,N,NA,ID-KT,Kalimantan Tengah,KT,-2.3977,112.2237
ID-KT-076,KT,not-certified,NA,Y,2007,ID-KT,Kalimantan Tengah,KT,-1.8379,111.5328
ID-KT-077,KT,not-certified,NA,Y,2007,ID-KT,Kalimantan Tengah,KT,-2.6059,111.6671
ID-KT-078,KT,not-certified,NA,Y,2011,ID-KT,Kalimantan Tengah,KT,-2.4225,112.3596
ID-KT-079,KT,not-certified,NA,N,NA,ID-KT,Kalimantan Tengah,KT,-2.5429,111.6698
ID-KT-080,KT,not-certified,NA,N,NA,ID-KT,Kalimantan Tengah,KT,-1.9212,112.7712
ID-KT-081,KT,not-certified,NA,Y,2008,ID-KT,Kalimantan Tengah,KT,-2.7189,111.8236
ID-KT-082,KT,certified,2012,Y,2014,ID-KT,Kalimantan Tengah,KT,-2.5235,112.4138
ID-KT-083,KT,certified,2010,Y,2005,ID-KT,Kalimantan Tengah,KT,-2.7836,112.5096
ID-KT-084,KT,not-certified,NA,N,NA,ID-KT,Kalimantan Tengah,KT,-2.4499,112.2131
ID-KT-085,KT,certified,NA,Y,2007,ID-KT,Kalimantan Tengah,KT,-2.4172,111.5547
ID-KT-086,KT,certified,NA,Y,2005,ID-KT,Kalimantan Tengah,KT,-2.4575,112.5002
ID-KT-087,KT,certified,2009,Y,2005,ID-KT,Kalimantan Tengah,KT,-2.5876,112.5118
ID-KT-088,KT,not-certified,NA,N,NA,ID-KT,Kalimantan Tengah,KT,-2.2021,111.4832
ID-KT-089,KT,not-certified,NA,N,NA,ID-KT,Kalimantan Tengah,KT,-3.0336,113.8584
ID-KT-090,KT,not-certified,NA,N,NA,ID-KT,Kalimantan Tengah,KT,-1.1397,115.0297
ID-KT-091,KT,not-certified,NA,N,NA,ID-KT,Kalimantan Tengah,KT,-1.9437,112.7287
ID-KT-092,KT,not-certified,NA,N,NA,ID-KT,Kalimantan Tengah,KT,-2.654,112.2459
ID-KT-093,KT,not-certified,NA,N,NA,ID-KT,Kalimantan Tengah,KT,-2.5064,112.0135
ID-KT-094,KT,not-certified,NA,N,NA,ID-KT,Kalimantan Tengah,KT,-2.6215,112.0981
ID-KT-095,KT,not-certified,NA,Y,2007,ID-KT,Kalimantan Tengah,KT,-2.13,111.332
ID-KT-096,KT,not-certified,NA,N,NA,ID-KT,Kalimantan Tengah,KT,-1.8286,112.9131
ID-KT-097,KT,not-certified,NA,N,NA,ID-KT,Kalimantan Tengah,KT,-1.8618,112.7207
ID-KT-098,KT,not-certified,NA,N,NA,ID-KT,Kalimantan Tengah,KT,-1.7005,112.8774
ID-KT-099,KT,not-certified,NA,N,NA,ID-KT,Kalimantan Tengah,KT,-2.559,112.4567
ID-KT-100,KT,not-certified,NA,N,NA,ID-KT,Kalimantan Tengah,KT,-2.2995,111.9734
ID-KT-101,KT,certified,NA,Y,2004,ID-KT,Kalimantan Tengah,KT,-0.7707,114.7407
ID-KT-102,KT,not-certified,NA,Y,2006,ID-KT,Kalimantan Tengah,KT,-2.5849,114.5944
ID-KT-103,KT,not-certified,NA,N,NA,ID-KT,Kalimantan Tengah,KT,-2.1068,112.7941
ID-KT-104,KT,not-certified,NA,N,NA,ID-KT,Kalimantan Tengah,KT,-2.035,111.569
ID-KT-105,KT,not-certified,NA,N,NA,ID-KT,Kalimantan Tengah,KT,-2.0919,112.0406
ID-KT-106,KT,not-certified,NA,N,NA,ID-KT,Kalimantan Tengah,KT,-2.03,112.7708
ID-KT-107,KT,not-certified,NA,Y,2011,ID-KT,Kalimantan Tengah,KT,-1.3499,113.5015
ID-KT-108,KT,not-certified,NA,Y,2007,ID-KT,Kalimantan Tengah,KT,-2.5055,111.3601
ID-KT-109,KT,not-certified,NA,Y,2005,ID-KT,Kalimantan Tengah,KT,-2.9045,112.6128
ID-KT-110,KT,not-certified,NA,Y,2007,ID-KT,Kalimantan Tengah,KT,-1.798,112.9854
ID-KU-001,KU,not-certified,NA,N,NA,ID-KU,Kalimantan Utara,KU,4.2047,117.2522
ID-KU-002,KU,not-certified,NA,Y,2008,ID-KU,Kalimantan Utara,KU,4.2383,117.3629
ID-KU-003,KU,not-certified,NA,N,NA,ID-KU,Kalimantan Utara,KU,3.1155,117.2663
ID-KU-004,KU,not-certified,NA,N,NA,ID-KU,Kalimantan Utara,KU,3.8287,116.7607
ID-KU-005,KU,not-certified,NA,Y,2008,ID-KU,Kalimantan Utara,KU,4.0362,116.927
ID-KU-006,KU,not-certified,NA,N,NA,ID-KU,Kalimantan Utara,KU,3.3237,117.1741
ID-KU-007,KU,not-certified,NA,N,NA,ID-KU,Kalimantan Utara,KU,4.0083,117.2549
ID-KU-008,KU,not-certified,NA,Y,2008,ID-KU,Kalimantan Utara,KU,4.1135,117.0424
ID-KU-009,KU,not-certified,NA,N,NA,ID-KU,Kalimantan Utara,KU,4.1621,117.7014
ID-KU-010,KU,not-certified,NA,Y,2004,ID-KU,Kalimantan Utara,KU,3.613,117.0294
ID-KU-011,KU,not-certified,NA,N,NA,ID-KU,Kalimantan Utara,KU,3.4643,116.6106
