"db_id","prov_code","grp_id","cert_status","ci_year","rspo_member","year_join_rspo","group","country_prov_code","prov_name","2004","2005","2006","2007","2008","2009","2010","2011","2012","2013","2014","2015","2016","prov","latitude","longitude"
"ID-KB-001","KB","PTPN","not-certified",NA,"N",NA,"PTPN","ID-KB","Kalimantan Barat",60,60,60,60,60,60,60,60,60,60,60,60,60,"KB",-0.1086,110.2924
"ID-KB-002","KB","PTPN","not-certified",NA,"N",NA,"PTPN","ID-KB","Kalimantan Barat",30,30,30,30,30,30,60,60,60,60,60,60,60,"KB",-0.029,110.4542
"ID-KB-003","KB","PTPN","not-certified",NA,"N",NA,"PTPN","ID-KB","Kalimantan Barat",60,60,60,60,60,60,60,60,60,60,60,60,60,"KB",0.2505,110.3029
"ID-KB-004","KB","PTPN","not-certified",NA,"N",NA,"PTPN","ID-KB","Kalimantan Barat",30,30,30,30,30,30,30,30,30,30,30,30,30,"KB",0.3428,109.9391
"ID-KB-005","KB","PTPN","not-certified",NA,"N",NA,"PTPN","ID-KB","Kalimantan Barat",NA,NA,NA,NA,NA,NA,NA,NA,NA,NA,45,45,45,"KB",0.4639,110.3735
"ID-KB-006","KB","WIL","certified",NA,"Y",2005,"Wilmar Group","ID-KB","Kalimantan Barat",30,30,45,45,45,45,45,45,45,45,45,45,45,"KB",-0.0221,109.4246
"ID-KB-007","KB","INDF","not-certified",NA,"N",NA,"Indofood Agri","ID-KB","Kalimantan Barat",60,60,60,30,30,30,30,30,30,30,30,30,30,"KB",1.168,109.5861
"ID-KB-008","KB","OT","not-certified",NA,"N",NA,"Other / Unknown","ID-KB","Kalimantan Barat",30,30,30,30,30,30,30,30,30,30,30,30,30,"KB",-0.1115,110.333
"ID-KB-009","KB","PSC","not-certified",NA,"N",NA,"Priscolin","ID-KB","Kalimantan Barat",30,30,30,30,30,30,30,30,30,30,30,30,30,"KB",0.0614,110.7488
"ID-KB-010","KB","SD","certified",2010,"Y",2004,"Sime Darby","ID-KB","Kalimantan Barat",60,60,60,30,30,30,30,30,30,30,30,30,30,"KB",0.2689,110.4828
"ID-KB-011","KB","SD","not-certified",NA,"Y",2004,"Sime Darby","ID-KB","Kalimantan Barat",30,30,30,30,30,30,30,30,30,30,30,30,30,"KB",0.3577,110.431
"ID-KB-012","KB","LYM","not-certified",NA,"N",NA,"Lyman Agro","ID-KB","Kalimantan Barat",60,60,60,60,60,60,60,60,60,60,60,60,60,"KB",0.0806,111.1921
"ID-KB-013","KB","UNK","not-certified",NA,"N",NA,NA,"ID-KB","Kalimantan Barat",NA,NA,30,30,30,30,30,30,30,30,30,30,30,"KB",-0.04,110.1939
"ID-KB-014","KB","INR","not-certified",NA,"N",NA,"Incasi Raya","ID-KB","Kalimantan Barat",NA,NA,30,30,30,30,30,30,30,30,30,30,30,"KB",-0.0408,110.8064
"ID-KB-015","KB","LYM","not-certified",NA,"N",NA,"Lyman Agro","ID-KB","Kalimantan Barat",45,45,45,45,45,45,45,45,45,45,45,45,45,"KB",-0.3082,111.5985
"ID-KB-016","KB","OT","not-certified",NA,"N",NA,"Other / Unknown","ID-KB","Kalimantan Barat",40,40,40,45,45,45,45,45,45,60,45,45,45,"KB",-1.1006,110.4677
"ID-KB-017","KB","CG","not-certified",NA,"Y",2004,"Cargill","ID-KB","Kalimantan Barat",30,30,30,30,30,30,30,30,30,80,30,30,30,"KB",-2.2838,110.8715
"ID-KB-018","KB","CG","certified",2013,"Y",2004,"Cargill","ID-KB","Kalimantan Barat",60,60,60,60,60,60,60,60,60,60,60,60,60,"KB",-2.4824,111.0176
"ID-KB-019","KB","OT","not-certified",NA,"N",NA,"Other / Unknown","ID-KB","Kalimantan Barat",45,45,45,45,45,45,45,45,45,45,45,45,45,"KB",-2.2709,110.6776
"ID-KB-020","KB","BGA","not-certified",NA,"Y",2007,"Bumitama Gunajaya Agro","ID-KB","Kalimantan Barat",45,45,45,45,45,45,45,45,45,45,45,45,45,"KB",-1.7504,110.4932
"ID-KB-021","KB","CG","certified",2013,"Y",2004,"Cargill","ID-KB","Kalimantan Barat",NA,NA,NA,NA,NA,NA,60,60,60,60,60,60,60,"KB",-2.4334,110.818
"ID-KB-022","KB","OT","not-certified",NA,"N",NA,"Other / Unknown","ID-KB","Kalimantan Barat",NA,NA,NA,NA,NA,NA,NA,60,60,60,60,45,45,"KB",-0.3658,109.301
"ID-KB-023","KB","SD","certified",2011,"Y",2004,"Sime Darby","ID-KB","Kalimantan Barat",NA,NA,NA,NA,NA,30,60,60,60,60,60,60,60,"KB",-2.1692,110.6743
"ID-KB-024","KB","INDF","not-certified",NA,"N",NA,"Indofood Agri","ID-KB","Kalimantan Barat",NA,NA,NA,NA,NA,NA,30,30,30,30,30,30,30,"KB",0.1149,110.7582
"ID-KB-025","KB","DAR","not-certified",NA,"N",NA,"Darmex Agro","ID-KB","Kalimantan Barat",NA,NA,NA,NA,NA,NA,NA,30,30,30,30,30,30,"KB",1.4294,109.603
"ID-KB-026","KB","WIL","certified",2011,"Y",2005,"Wilmar Group","ID-KB","Kalimantan Barat",NA,NA,NA,NA,NA,NA,30,30,30,30,30,30,30,"KB",1.3536,109.508
"ID-KB-027","KB","WIL","not-certified",NA,"Y",2005,"Wilmar Group","ID-KB","Kalimantan Barat",NA,NA,NA,NA,NA,NA,NA,30,30,30,30,30,30,"KB",0.2745,109.7314
"ID-KB-028","KB","SM","not-certified",NA,"Y",2011,"Sinarmas","ID-KB","Kalimantan Barat",NA,NA,NA,NA,NA,NA,30,30,30,40,30,30,30,"KB",-1.5195,110.4587
"ID-KB-029","KB","PRO","not-certified",NA,"N",NA,"Provident Agro","ID-KB","Kalimantan Barat",NA,NA,NA,NA,NA,NA,NA,60,60,60,60,60,60,"KB",0.7314,110.4626
"ID-KB-030","KB","BGA","certified",2015,"Y",2007,"Bumitama Gunajaya Agro","ID-KB","Kalimantan Barat",NA,NA,NA,NA,NA,NA,NA,60,60,60,60,60,60,"KB",-2.4461,110.2661
"ID-KB-031","KB","LYM","not-certified",NA,"N",NA,"Lyman Agro","ID-KB","Kalimantan Barat",NA,NA,NA,NA,NA,NA,NA,60,60,60,60,60,60,"KB",0.2133,111.5511
"ID-KB-032","KB","INR","not-certified",NA,"N",NA,"Incasi Raya","ID-KB","Kalimantan Barat",NA,NA,NA,NA,NA,NA,NA,NA,NA,NA,90,80,80,"KB",0.2276,111.665
"ID-KB-033","KB","TAP","not-certified",NA,"Y",2007,"Triputra Agro Persada","ID-KB","Kalimantan Barat",NA,NA,NA,NA,NA,NA,NA,NA,NA,NA,60,60,60,"KB",0.5186,111.5876
"ID-KB-034","KB","PSC","not-certified",NA,"N",NA,"Priscolin","ID-KB","Kalimantan Barat",NA,NA,NA,NA,NA,NA,NA,NA,NA,NA,60,45,45,"KB",0.141,111.4855
"ID-KB-035","KB","GAN","not-certified",NA,"N",NA,"Ganda","ID-KB","Kalimantan Barat",NA,NA,NA,NA,NA,NA,NA,45,45,45,45,45,45,"KB",0.7392,108.9424
"ID-KB-036","KB","FMP","not-certified",NA,"N",NA,"First Mujur Plantation","ID-KB","Kalimantan Barat",NA,NA,NA,NA,NA,NA,NA,NA,NA,NA,30,30,30,"KB",-0.9999,110.196
"ID-KB-037","KB","INR","not-certified",NA,"N",NA,"Incasi Raya","ID-KB","Kalimantan Barat",NA,NA,NA,NA,NA,NA,NA,NA,45,45,45,30,30,"KB",-0.4102,110.1825
"ID-KB-038","KB","WIL","not-certified",NA,"Y",2005,"Wilmar Group","ID-KB","Kalimantan Barat",NA,NA,NA,NA,NA,NA,NA,NA,NA,NA,NA,30,30,"KB",0.3032,110.196
"ID-KB-039","KB","FIR","not-certified",NA,"Y",2008,"First Resources","ID-KB","Kalimantan Barat",NA,NA,NA,NA,NA,NA,NA,NA,NA,45,30,45,45,"KB",-1.7167,110.3546
"ID-KB-040","KB","FIR","not-certified",NA,"Y",2008,"First Resources","ID-KB","Kalimantan Barat",NA,NA,NA,NA,NA,NA,NA,NA,NA,45,30,45,45,"KB",-1.0809,110.3838
"ID-KB-041","KB","TJ","not-certified",NA,"N",NA,"Tianjin Julong","ID-KB","Kalimantan Barat",NA,NA,NA,NA,NA,NA,NA,NA,NA,NA,30,30,30,"KB",-0.2669,109.2513
"ID-KB-042","KB","INDF","not-certified",NA,"N",NA,"Indofood Agri","ID-KB","Kalimantan Barat",NA,NA,NA,NA,NA,NA,NA,NA,NA,NA,30,30,30,"KB",0.3361,111.8137
"ID-KB-043","KB","CG","certified",2013,"Y",2004,"Cargill","ID-KB","Kalimantan Barat",NA,NA,NA,NA,NA,NA,NA,NA,NA,45,45,30,30,"KB",-2.5146,110.9152
"ID-KB-044","KB","CG","not-certified",NA,"Y",2004,"Cargill","ID-KB","Kalimantan Barat",NA,NA,NA,NA,NA,NA,NA,NA,NA,45,30,30,30,"KB",-2.3394,110.9674
"ID-KB-045","KB","SM","certified",2014,"Y",2011,"Sinarmas","ID-KB","Kalimantan Barat",NA,NA,NA,NA,NA,NA,NA,NA,NA,40,30,30,30,"KB",-2.142,110.5165
"ID-KB-046","KB","GENP","not-certified",NA,"Y",2006,"Genting Plantations","ID-KB","Kalimantan Barat",NA,NA,NA,NA,NA,NA,NA,NA,NA,60,30,30,30,"KB",-1.3839,110.4784
"ID-KB-047","KB","ZTE","not-certified",NA,"N",NA,"ZTE","ID-KB","Kalimantan Barat",NA,NA,NA,NA,NA,NA,NA,NA,NA,30,30,30,30,"KB",1.1452,109.3194
"ID-KB-048","KB","DAR","not-certified",NA,"N",NA,"Darmex Agro","ID-KB","Kalimantan Barat",NA,NA,NA,NA,NA,NA,NA,NA,NA,NA,30,30,30,"KB",1.3689,109.6841
"ID-KB-049","KB","DAR","not-certified",NA,"N",NA,"Darmex Agro","ID-KB","Kalimantan Barat",NA,NA,NA,NA,NA,NA,NA,NA,NA,NA,30,30,30,"KB",1.3008,109.6669
"ID-KB-050","KB","DAR","not-certified",NA,"N",NA,"Darmex Agro","ID-KB","Kalimantan Barat",NA,NA,NA,NA,NA,NA,NA,NA,NA,NA,30,30,30,"KB",1.4647,109.7164
"ID-KB-051","KB","DJ","not-certified",NA,"N",NA,"Djarum","ID-KB","Kalimantan Barat",NA,NA,NA,NA,NA,NA,NA,NA,NA,NA,NA,60,60,"KB",0.3007,109.1763
"ID-KB-052","KB","AAL","not-certified",NA,"N",NA,"Astra Agro Lestari","ID-KB","Kalimantan Barat",NA,NA,NA,NA,NA,NA,NA,NA,NA,NA,NA,NA,NA,"KB",-2.6835,110.981
"ID-KB-053","KB","BRP","not-certified",NA,"N",NA,"Barito Pacific","ID-KB","Kalimantan Barat",NA,NA,NA,NA,NA,NA,NA,NA,NA,NA,NA,30,30,"KB",-0.1109,110.7329
"ID-KB-054","KB","BRP","not-certified",NA,"N",NA,"Barito Pacific","ID-KB","Kalimantan Barat",NA,NA,NA,NA,NA,NA,NA,NA,NA,NA,NA,NA,NA,"KB",0.47,111.2117
"ID-KB-055","KB","SM","not-certified",NA,"Y",2011,"Sinarmas","ID-KB","Kalimantan Barat",NA,NA,NA,NA,NA,NA,NA,NA,NA,NA,NA,60,60,"KB",0.4864,111.8445
"ID-KB-056","KB","LGI","not-certified",NA,"N",NA,"LG International","ID-KB","Kalimantan Barat",NA,NA,NA,NA,NA,NA,NA,NA,NA,NA,NA,45,45,"KB",0.2117,111.0773
"ID-KB-057","KB","OT","not-certified",NA,"N",NA,"Other / Unknown","ID-KB","Kalimantan Barat",NA,NA,NA,NA,NA,NA,NA,NA,NA,NA,NA,NA,NA,"KB",-0.0186,109.544
"ID-KB-058","KB","OT","not-certified",NA,"N",NA,"Other / Unknown","ID-KB","Kalimantan Barat",NA,NA,NA,NA,NA,NA,NA,NA,NA,NA,NA,NA,NA,"KB",-0.4523,109.2657
"ID-KB-059","KB","KSK","not-certified",NA,"N",NA,"Kalimantan Sawit Kusuma","ID-KB","Kalimantan Barat",NA,NA,NA,NA,NA,NA,NA,NA,NA,NA,NA,30,30,"KB",1.267,109.2246
"ID-KB-060","KB","OT","not-certified",NA,"N",NA,"Other / Unknown","ID-KB","Kalimantan Barat",NA,NA,NA,NA,NA,NA,NA,NA,NA,NA,NA,40,40,"KB",0.9563,111.8828
"ID-KB-061","KB","OT","not-certified",NA,"N",NA,"Other / Unknown","ID-KB","Kalimantan Barat",NA,NA,NA,NA,NA,NA,NA,NA,NA,NA,NA,45,45,"KB",1.1809,109.4364
"ID-KB-062","KB","MM","not-certified",NA,"Y",2004,"Musim Mas","ID-KB","Kalimantan Barat",NA,NA,NA,NA,NA,NA,NA,NA,NA,NA,NA,45,45,"KB",1.3587,109.3832
"ID-KB-063","KB","INR","not-certified",NA,"N",NA,"Incasi Raya","ID-KB","Kalimantan Barat",NA,NA,NA,NA,NA,NA,NA,NA,NA,NA,NA,NA,NA,"KB",-0.1214,110.758
"ID-KB-064","KB","MPE","not-certified",NA,"Y",2006,"MP Evans","ID-KB","Kalimantan Barat",NA,NA,NA,NA,NA,NA,NA,NA,NA,NA,NA,NA,NA,"KB",0.0445,111.0255
"ID-KB-065","KB","OT","not-certified",NA,"N",NA,"Other / Unknown","ID-KB","Kalimantan Barat",NA,NA,NA,NA,NA,NA,NA,NA,NA,NA,NA,NA,NA,"KB",-1.9329,110.494
"ID-KB-066","KB","BGA","not-certified",NA,"Y",2007,"Bumitama Gunajaya Agro","ID-KB","Kalimantan Barat",NA,NA,NA,NA,NA,NA,NA,NA,NA,NA,NA,NA,NA,"KB",-2.5471,110.3824
"ID-KB-067","KB","WIL","not-certified",NA,"Y",2005,"Wilmar Group","ID-KB","Kalimantan Barat",NA,NA,NA,NA,NA,NA,NA,NA,NA,NA,NA,NA,NA,"KB",0.5237,109.9776
"ID-KB-068","KB","INDF","not-certified",NA,"N",NA,"Indofood Agri","ID-KB","Kalimantan Barat",NA,NA,NA,NA,NA,NA,NA,NA,NA,NA,NA,NA,NA,"KB",0.4011,110.2648
"ID-KB-069","KB","PRO","not-certified",NA,"N",NA,"Provident Agro","ID-KB","Kalimantan Barat",NA,NA,NA,NA,NA,NA,NA,NA,NA,NA,NA,NA,NA,"KB",0.1543,109.8782
"ID-KB-070","KB","OT","not-certified",NA,"N",NA,"Other / Unknown","ID-KB","Kalimantan Barat",NA,NA,NA,NA,NA,NA,NA,NA,NA,NA,NA,NA,NA,"KB",0.2215,109.5292
"ID-KB-071","KB","ANJ","not-certified",NA,"Y",2007,"Austindo Nusantara Jaya","ID-KB","Kalimantan Barat",NA,NA,NA,NA,NA,NA,NA,NA,NA,NA,NA,NA,NA,"KB",-1.4499,110.2307
"ID-KB-072","KB","BGA","not-certified",NA,"Y",2007,"Bumitama Gunajaya Agro","ID-KB","Kalimantan Barat",NA,NA,NA,NA,NA,NA,NA,NA,NA,NA,NA,NA,NA,"KB",-1.5474,110.3437
"ID-KB-073","KB","FIR","not-certified",NA,"Y",2008,"First Resources","ID-KB","Kalimantan Barat",NA,NA,NA,NA,NA,NA,NA,NA,NA,NA,NA,NA,NA,"KB",-1.9101,110.859
"ID-KB-074","KB","FIR","not-certified",NA,"Y",2008,"First Resources","ID-KB","Kalimantan Barat",NA,NA,NA,NA,NA,NA,NA,NA,NA,NA,NA,NA,NA,"KB",-2.1205,110.9793
"ID-KB-075","KB","UNK","not-certified",NA,"N",NA,NA,"ID-KB","Kalimantan Barat",NA,NA,NA,NA,NA,NA,NA,NA,NA,NA,NA,NA,NA,"KB",0.5396,110.4196
"ID-KB-076","KB","UNK","not-certified",NA,"N",NA,NA,"ID-KB","Kalimantan Barat",NA,NA,NA,NA,NA,NA,NA,NA,NA,NA,NA,NA,NA,"KB",-0.8296,109.8845
"ID-KB-077","KB","IOI","not-certified",NA,"Y",2004,"IOI Corporation","ID-KB","Kalimantan Barat",NA,NA,NA,NA,NA,NA,NA,NA,NA,NA,NA,NA,NA,"KB",-2.7953,110.5861
"ID-KB-078","KB","UNK","not-certified",NA,"N",NA,NA,"ID-KB","Kalimantan Barat",NA,NA,NA,NA,NA,NA,NA,NA,NA,NA,NA,NA,NA,"KB",0.8738,111.864
"ID-KB-079","KB","OT","not-certified",NA,"N",NA,"Other / Unknown","ID-KB","Kalimantan Barat",NA,NA,NA,NA,NA,NA,NA,NA,NA,NA,NA,NA,NA,"KB",1.0447,109.5794
"ID-KB-080","KB","AGI","not-certified",NA,"N",NA,"Agroindo","ID-KB","Kalimantan Barat",NA,NA,NA,NA,NA,NA,NA,NA,NA,NA,NA,NA,NA,"KB",-0.4761,110.1499
"ID-KB-081","KB","BGA","not-certified",NA,"Y",2007,"Bumitama Gunajaya Agro","ID-KB","Kalimantan Barat",NA,NA,NA,NA,NA,NA,NA,NA,NA,NA,NA,NA,NA,"KB",-2.2829,110.5031
"ID-KB-082","KB","CG","not-certified",NA,"Y",2004,"Cargill","ID-KB","Kalimantan Barat",NA,NA,NA,NA,NA,NA,NA,NA,NA,NA,NA,NA,NA,"KB",-2.3123,110.4275
"ID-KB-083","KB","SA","not-certified",NA,"Y",2007,"Sampoerna Agro","ID-KB","Kalimantan Barat",NA,NA,NA,NA,NA,NA,NA,NA,NA,NA,NA,NA,NA,"KB",-1.2135,110.5234
"ID-KB-084","KB","GAN","not-certified",NA,"N",NA,"Ganda","ID-KB","Kalimantan Barat",NA,NA,NA,NA,NA,NA,NA,NA,NA,NA,NA,NA,NA,"KB",1.2679,109.8158
"ID-KB-085","KB","OT","not-certified",NA,"N",NA,"Other / Unknown","ID-KB","Kalimantan Barat",NA,NA,NA,NA,NA,NA,NA,NA,NA,NA,NA,NA,NA,"KB",-2.3728,110.6443
"ID-KB-086","KB","OT","not-certified",NA,"N",NA,"Other / Unknown","ID-KB","Kalimantan Barat",NA,NA,NA,NA,NA,NA,NA,NA,NA,NA,NA,NA,NA,"KB",0.2359,109.8518
"ID-KB-087","KB","KSK","not-certified",NA,"N",NA,"Kalimantan Sawit Kusuma","ID-KB","Kalimantan Barat",NA,NA,NA,NA,NA,NA,NA,NA,NA,NA,NA,NA,NA,"KB",-0.8681,109.6281
"ID-KB-088","KB","DAR","not-certified",NA,"N",NA,"Darmex Agro","ID-KB","Kalimantan Barat",NA,NA,NA,NA,NA,NA,NA,NA,NA,NA,NA,NA,NA,"KB",0.9363,109.1687
"ID-KB-089","KB","PRO","not-certified",NA,"N",NA,"Provident Agro","ID-KB","Kalimantan Barat",NA,NA,NA,NA,NA,NA,NA,NA,NA,NA,NA,NA,NA,"KB",-0.0339,110.0671
"ID-KB-090","KB","KAL","not-certified",NA,"N",NA,"Kencana Agri","ID-KB","Kalimantan Barat",NA,NA,NA,NA,NA,NA,NA,NA,NA,NA,NA,NA,NA,"KB",0.8053,110.7655
"ID-KB-091","KB","UNK","not-certified",NA,"N",NA,NA,"ID-KB","Kalimantan Barat",NA,NA,NA,NA,NA,NA,NA,NA,NA,NA,NA,NA,NA,"KB",0.0698,110.6965
"ID-KB-092","KB","UNK","not-certified",NA,"N",NA,NA,"ID-KB","Kalimantan Barat",NA,NA,NA,NA,NA,NA,NA,NA,NA,NA,NA,NA,NA,"KB",0.5005,111.4898
"ID-KB-093","KB","UNK","not-certified",NA,"N",NA,NA,"ID-KB","Kalimantan Barat",NA,NA,NA,NA,NA,NA,NA,NA,NA,NA,NA,NA,NA,"KB",0.028,111.4336
"ID-KB-094","KB","DJ","not-certified",NA,"N",NA,"Djarum","ID-KB","Kalimantan Barat",NA,NA,NA,NA,NA,NA,NA,NA,NA,NA,NA,NA,NA,"KB",0.6134,109.9314
"ID-KB-095","KB","UNK","not-certified",NA,"N",NA,NA,"ID-KB","Kalimantan Barat",NA,NA,NA,NA,NA,NA,NA,NA,NA,NA,NA,NA,NA,"KB",0.3586,109.9749
"ID-KI-001","KI","PTPN","not-certified",NA,"N",NA,"PTPN","ID-KI","Kalimantan Timur",40,30,30,30,30,30,50,50,50,50,50,50,50,"KI",-1.6736,116.1262
"ID-KI-002","KI","PTPN","not-certified",NA,"N",NA,"PTPN","ID-KI","Kalimantan Timur",60,60,40,40,40,60,60,60,60,60,60,60,60,"KI",-1.929,116.1254
"ID-KI-003","KI","PTPN","not-certified",NA,"N",NA,"PTPN","ID-KI","Kalimantan Timur",30,60,60,60,60,60,30,30,30,30,30,30,30,"KI",-1.419,116.2501
"ID-KI-004","KI","TEL","not-certified",NA,"N",NA,"Teladan Prima","ID-KI","Kalimantan Timur",NA,NA,NA,NA,NA,NA,NA,NA,NA,NA,NA,NA,NA,"KI",-2.3829,116.5258
"ID-KI-005","KI","OT","not-certified",NA,"N",NA,"Other / Unknown","ID-KI","Kalimantan Timur",NA,NA,NA,NA,NA,NA,NA,30,30,30,30,30,30,"KI",-1.8852,116.0599
"ID-KI-006","KI","KAL","not-certified",NA,"N",NA,"Kencana Agri","ID-KI","Kalimantan Timur",NA,NA,NA,NA,NA,NA,45,45,45,45,45,45,45,"KI",-2.2224,116.3561
"ID-KI-007","KI","CHP","not-certified",NA,"N",NA,"Chellam Plantations","ID-KI","Kalimantan Timur",NA,NA,NA,NA,NA,NA,NA,NA,NA,30,30,60,60,"KI",-2.234,116.0492
"ID-KI-008","KI","AAL","not-certified",NA,"N",NA,"Astra Agro Lestari","ID-KI","Kalimantan Timur",NA,NA,NA,NA,NA,NA,NA,NA,NA,30,30,45,45,"KI",-2.0332,116.401
"ID-KI-009","KI","OT","not-certified",NA,"N",NA,"Other / Unknown","ID-KI","Kalimantan Timur",NA,NA,NA,NA,NA,NA,NA,NA,NA,45,45,45,45,"KI",-2.2662,116.0165
"ID-KI-010","KI","PEU","not-certified",NA,"N",NA,"Padasa Enam Utama","ID-KI","Kalimantan Timur",NA,NA,NA,NA,NA,NA,NA,NA,NA,90,90,90,90,"KI",-2.1508,116.0839
"ID-KI-011","KI","PAC","not-certified",NA,"N",NA,"PACTRA","ID-KI","Kalimantan Timur",NA,NA,NA,NA,NA,NA,NA,NA,NA,60,60,60,60,"KI",-1.4843,116.3167
"ID-KI-012","KI","TAP","not-certified",NA,"Y",2007,"Triputra Agro Persada","ID-KI","Kalimantan Timur",NA,NA,NA,NA,NA,NA,NA,NA,NA,60,60,60,60,"KI",-1.3533,116.3829
"ID-KI-013","KI","TIL","not-certified",NA,"N",NA,"Trinity Interlink","ID-KI","Kalimantan Timur",NA,30,30,30,30,30,30,30,30,30,30,30,30,"KI",-1.7533,116.1213
"ID-KI-014","KI","WIN","not-certified",NA,"Y",2012,"Wings","ID-KI","Kalimantan Timur",NA,NA,NA,NA,NA,NA,NA,NA,NA,NA,NA,NA,NA,"KI",-1.4393,116.3983
"ID-KI-015","KI","SVP","not-certified",NA,"N",NA,"Superventure Palm Oil","ID-KI","Kalimantan Timur",NA,NA,NA,NA,NA,NA,NA,NA,NA,NA,NA,60,60,"KI",-1.8428,116.068
"ID-KI-016","KI","SVP","not-certified",NA,"N",NA,"Superventure Palm Oil","ID-KI","Kalimantan Timur",NA,NA,NA,NA,NA,NA,NA,NA,NA,NA,NA,60,60,"KI",-2.091,116.1227
"ID-KI-017","KI","AAL","not-certified",NA,"N",NA,"Astra Agro Lestari","ID-KI","Kalimantan Timur",30,60,30,30,30,60,60,60,60,60,60,60,60,"KI",-1.3295,116.5448
"ID-KI-018","KI","SVP","not-certified",NA,"N",NA,"Superventure Palm Oil","ID-KI","Kalimantan Timur",NA,NA,NA,NA,NA,NA,NA,NA,NA,60,60,60,60,"KI",-1.4927,116.4442
"ID-KI-019","KI","GAH","not-certified",NA,"Y",2014,"Goodhope Asia Holdings","ID-KI","Kalimantan Timur",NA,NA,NA,NA,NA,NA,NA,NA,NA,NA,NA,60,60,"KI",-1.0152,116.6896
"ID-KI-020","KI","OT","not-certified",NA,"N",NA,"Other / Unknown","ID-KI","Kalimantan Timur",NA,NA,NA,NA,NA,NA,NA,NA,NA,NA,NA,45,45,"KI",-1.2809,116.637
"ID-KI-021","KI","AAL","not-certified",NA,"N",NA,"Astra Agro Lestari","ID-KI","Kalimantan Timur",NA,NA,NA,NA,NA,NA,NA,NA,NA,NA,NA,45,45,"KI",-1.3812,116.4747
"ID-KI-022","KI","OT","not-certified",NA,"N",NA,"Other / Unknown","ID-KI","Kalimantan Timur",NA,NA,NA,NA,NA,NA,NA,NA,NA,NA,NA,45,45,"KI",-1.2408,116.645
"ID-KI-023","KI","INDF","not-certified",NA,"N",NA,"Indofood Agri","ID-KI","Kalimantan Timur",NA,NA,NA,NA,NA,NA,45,45,45,45,45,45,45,"KI",-0.5975,116.1396
"ID-KI-024","KI","TSH","not-certified",NA,"Y",2014,"TSH Resources","ID-KI","Kalimantan Timur",NA,NA,NA,NA,NA,NA,NA,NA,NA,NA,NA,45,45,"KI",-0.6974,116.2619
"ID-KI-025","KI","OT","not-certified",NA,"N",NA,"Other / Unknown","ID-KI","Kalimantan Timur",NA,NA,NA,NA,NA,NA,NA,NA,NA,NA,NA,45,45,"KI",-0.6428,115.7388
"ID-KI-026","KI","OT","not-certified",NA,"N",NA,"Other / Unknown","ID-KI","Kalimantan Timur",NA,NA,NA,NA,NA,NA,NA,NA,NA,NA,NA,NA,NA,"KI",-0.6626,115.5908
"ID-KI-027","KI","INDF","not-certified",NA,"N",NA,"Indofood Agri","ID-KI","Kalimantan Timur",NA,NA,NA,NA,NA,NA,45,45,45,45,45,45,60,"KI",1.2123,117.8085
"ID-KI-028","KI","INDF","not-certified",NA,"N",NA,"Indofood Agri","ID-KI","Kalimantan Timur",NA,NA,NA,NA,NA,NA,NA,45,45,45,45,45,45,"KI",1.0004,117.769
"ID-KI-029","KI","INDF","not-certified",NA,"N",NA,"Indofood Agri","ID-KI","Kalimantan Timur",NA,NA,NA,NA,NA,NA,NA,NA,NA,NA,NA,NA,60,"KI",0.9712,118.1815
"ID-KI-030","KI","SM","certified",2013,"Y",2011,"Sinarmas","ID-KI","Kalimantan Timur",NA,30,45,45,45,45,30,30,30,30,30,60,60,"KI",1.1112,117.0229
"ID-KI-031","KI","SM","not-certified",NA,"Y",2011,"Sinarmas","ID-KI","Kalimantan Timur",NA,NA,NA,NA,NA,NA,15,15,15,15,15,15,15,"KI",1.1112,117.0212
"ID-KI-032","KI","SM","certified",2014,"Y",2011,"Sinarmas","ID-KI","Kalimantan Timur",NA,NA,NA,NA,NA,NA,40,80,80,80,80,80,80,"KI",0.9513,116.9154
"ID-KI-033","KI","SM","not-certified",NA,"Y",2011,"Sinarmas","ID-KI","Kalimantan Timur",NA,NA,NA,NA,NA,NA,NA,NA,NA,NA,NA,30,30,"KI",0.9708,116.8282
"ID-KI-034","KI","DSN","certified",2012,"Y",2012,"Dharma Satya Nusantara","ID-KI","Kalimantan Timur",NA,60,45,45,45,90,90,90,90,90,90,90,90,"KI",1.1239,116.8519
"ID-KI-035","KI","DSN","certified",2013,"Y",2012,"Dharma Satya Nusantara","ID-KI","Kalimantan Timur",NA,NA,NA,NA,NA,NA,NA,60,60,60,60,60,60,"KI",1.2497,116.7284
"ID-KI-036","KI","DSN","certified",NA,"Y",2012,"Dharma Satya Nusantara","ID-KI","Kalimantan Timur",NA,NA,NA,NA,NA,NA,NA,NA,NA,NA,NA,NA,60,"KI",1.1522,116.7466
"ID-KI-037","KI","DSN","certified",2013,"Y",2012,"Dharma Satya Nusantara","ID-KI","Kalimantan Timur",NA,NA,NA,NA,NA,NA,NA,60,60,60,60,90,60,"KI",1.2559,116.8759
"ID-KI-038","KI","DSN","not-certified",NA,"Y",2012,"Dharma Satya Nusantara","ID-KI","Kalimantan Timur",NA,NA,NA,NA,NA,NA,NA,NA,NA,NA,NA,NA,60,"KI",1.2827,116.7823
"ID-KI-039","KI","AAL","not-certified",NA,"N",NA,"Astra Agro Lestari","ID-KI","Kalimantan Timur",NA,NA,NA,NA,NA,NA,45,45,45,45,45,90,90,"KI",0.9923,116.7528
"ID-KI-040","KI","AAL","not-certified",NA,"N",NA,"Astra Agro Lestari","ID-KI","Kalimantan Timur",NA,NA,NA,NA,NA,NA,NA,NA,NA,NA,NA,45,90,"KI",0.9123,116.7343
"ID-KI-041","KI","TEL","not-certified",NA,"N",NA,"Teladan Prima","ID-KI","Kalimantan Timur",NA,NA,NA,NA,NA,NA,NA,NA,45,45,45,45,45,"KI",1.2459,117.6939
"ID-KI-042","KI","TEL","not-certified",NA,"N",NA,"Teladan Prima","ID-KI","Kalimantan Timur",NA,NA,NA,NA,NA,NA,NA,NA,NA,NA,NA,40,35,"KI",1.0796,117.7204
"ID-KI-043","KI","TEL","not-certified",NA,"N",NA,"Teladan Prima","ID-KI","Kalimantan Timur",NA,NA,NA,NA,NA,NA,60,60,60,60,60,60,60,"KI",0.511,116.7809
"ID-KI-044","KI","AAL","not-certified",NA,"N",NA,"Astra Agro Lestari","ID-KI","Kalimantan Timur",NA,NA,NA,NA,NA,NA,NA,45,45,45,45,45,60,"KI",1.0141,118.0485
"ID-KI-045","KI","TAP","not-certified",NA,"Y",2007,"Triputra Agro Persada","ID-KI","Kalimantan Timur",NA,15,30,30,30,30,30,30,30,30,30,30,30,"KI",1.2233,117.8789
"ID-KI-046","KI","BMP","not-certified",NA,"N",NA,"Bima Palma","ID-KI","Kalimantan Timur",NA,NA,NA,NA,NA,NA,NA,60,60,60,60,60,60,"KI",0.7512,117.4058
"ID-KI-048","KI","BM","not-certified",NA,"N",NA,"Balimuda","ID-KI","Kalimantan Timur",NA,NA,NA,NA,NA,NA,NA,NA,NA,60,60,60,120,"KI",0.7827,117.9915
"ID-KI-049","KI","OT","not-certified",NA,"N",NA,"Other / Unknown","ID-KI","Kalimantan Timur",NA,NA,NA,NA,NA,NA,NA,NA,NA,45,45,45,45,"KI",0.9667,117.7919
"ID-KI-050","KI","AGI","not-certified",NA,"N",NA,"Agroindo","ID-KI","Kalimantan Timur",NA,NA,NA,NA,NA,NA,NA,NA,NA,45,45,45,45,"KI",0.7239,117.6585
"ID-KI-051","KI","EHP","not-certified",NA,"Y",2008,"Eagle High Plantations","ID-KI","Kalimantan Timur",NA,NA,NA,NA,NA,NA,NA,NA,NA,60,60,60,60,"KI",0.4214,116.4907
"ID-KI-052","KI","OT","not-certified",NA,"N",NA,"Other / Unknown","ID-KI","Kalimantan Timur",NA,NA,NA,NA,NA,NA,NA,NA,NA,NA,NA,45,45,"KI",0.7912,117.2828
"ID-KI-053","KI","CHP","not-certified",NA,"N",NA,"Chellam Plantations","ID-KI","Kalimantan Timur",NA,NA,NA,NA,NA,NA,NA,NA,NA,NA,NA,NA,45,"KI",0.75,117.35
"ID-KI-054","KI","OT","not-certified",NA,"N",NA,"Other / Unknown","ID-KI","Kalimantan Timur",NA,NA,NA,NA,NA,NA,NA,NA,NA,NA,NA,NA,60,"KI",0.2795,116.8446
"ID-KI-055","KI","TEL","not-certified",NA,"N",NA,"Teladan Prima","ID-KI","Kalimantan Timur",NA,NA,NA,NA,45,60,45,45,45,45,45,60,60,"KI",1.5138,118.2657
"ID-KI-056","KI","KLK","not-certified",NA,"Y",2004,"Kuala Lumpur Kepong","ID-KI","Kalimantan Timur",NA,NA,NA,NA,NA,NA,60,60,60,120,120,120,120,"KI",2.212,117.1671
"ID-KI-057","KI","KLK","not-certified",NA,"Y",2004,"Kuala Lumpur Kepong","ID-KI","Kalimantan Timur",NA,NA,NA,NA,NA,NA,NA,NA,NA,60,60,60,60,"KI",2.1427,117.2987
"ID-KI-058","KI","INDF","not-certified",NA,"N",NA,"Indofood Agri","ID-KI","Kalimantan Timur",NA,NA,NA,NA,NA,NA,NA,NA,NA,60,60,60,60,"KI",1.3742,117.1447
"ID-KI-059","KI","TAP","not-certified",NA,"Y",2007,"Triputra Agro Persada","ID-KI","Kalimantan Timur",NA,NA,NA,NA,NA,NA,NA,NA,NA,60,60,60,60,"KI",1.4409,117.2096
"ID-KI-060","KI","TAP","not-certified",NA,"Y",2007,"Triputra Agro Persada","ID-KI","Kalimantan Timur",NA,NA,NA,NA,NA,NA,NA,NA,NA,NA,NA,60,60,"KI",1.6064,118.0444
"ID-KI-061","KI","KLK","certified",NA,"Y",2004,"Kuala Lumpur Kepong","ID-KI","Kalimantan Timur",NA,NA,NA,NA,NA,NA,NA,NA,NA,NA,NA,60,60,"KI",1.252,118.3491
"ID-KI-062","KI","UNK","not-certified",NA,"N",NA,NA,"ID-KI","Kalimantan Timur",NA,NA,NA,NA,NA,NA,NA,NA,NA,NA,NA,NA,NA,"KI",2.3402,118.0619
"ID-KI-063","KI","REA","certified",2011,"Y",2007,"Rea Kaltim","ID-KI","Kalimantan Timur",NA,80,80,80,80,100,80,80,80,80,80,60,80,"KI",0.2578,116.15
"ID-KI-064","KI","REA","certified",2011,"Y",2007,"Rea Kaltim","ID-KI","Kalimantan Timur",NA,NA,60,60,60,45,60,60,80,80,80,60,80,"KI",0.2642,116.2701
"ID-KI-065","KI","WIL","not-certified",NA,"Y",2005,"Wilmar Group","ID-KI","Kalimantan Timur",NA,NA,NA,NA,NA,45,20,40,20,20,20,20,60,"KI",-0.4179,117.3646
"ID-KI-066","KI","MPE","certified",2013,"Y",2006,"MP Evans","ID-KI","Kalimantan Timur",NA,NA,NA,NA,NA,NA,NA,60,30,60,60,60,60,"KI",-0.2977,116.7637
"ID-KI-067","KI","KAL","not-certified",NA,"N",NA,"Kencana Agri","ID-KI","Kalimantan Timur",NA,NA,NA,NA,NA,NA,NA,NA,NA,60,60,60,60,"KI",-0.0669,116.8298
"ID-KI-068","KI","TEL","not-certified",NA,"N",NA,"Teladan Prima","ID-KI","Kalimantan Timur",NA,NA,NA,NA,NA,NA,NA,NA,NA,60,60,45,30,"KI",-0.0895,117.0339
"ID-KI-069","KI","OT","not-certified",NA,"N",NA,"Other / Unknown","ID-KI","Kalimantan Timur",NA,NA,NA,NA,NA,NA,NA,NA,NA,30,30,60,90,"KI",0.0149,116.9669
"ID-KI-070","KI","EHP","not-certified",NA,"Y",2008,"Eagle High Plantations","ID-KI","Kalimantan Timur",NA,NA,NA,NA,NA,NA,NA,60,60,60,60,60,60,"KI",-0.5621,116.3753
"ID-KI-071","KI","REA","not-certified",NA,"Y",2007,"Rea Kaltim","ID-KI","Kalimantan Timur",NA,NA,NA,NA,NA,NA,NA,NA,NA,NA,NA,60,80,"KI",0.4226,116.1499
"ID-KI-072","KI","UNK","not-certified",NA,"N",NA,NA,"ID-KI","Kalimantan Timur",NA,NA,NA,NA,NA,NA,NA,NA,NA,NA,NA,60,45,"KI",-0.1541,117.0105
"ID-KI-073","KI","OT","not-certified",NA,"N",NA,"Other / Unknown","ID-KI","Kalimantan Timur",NA,NA,NA,NA,NA,NA,NA,NA,NA,NA,NA,NA,30,"KI",-0.3389,116.8807
"ID-KI-074","KI","OT","not-certified",NA,"N",NA,"Other / Unknown","ID-KI","Kalimantan Timur",NA,NA,NA,NA,NA,NA,NA,NA,NA,NA,NA,NA,30,"KI",0.0548,116.38
"ID-KI-075","KI","OT","not-certified",NA,"N",NA,"Other / Unknown","ID-KI","Kalimantan Timur",NA,NA,NA,NA,NA,NA,NA,NA,NA,NA,NA,NA,30,"KI",-0.5923,116.8225
"ID-KI-077","KI","BM","not-certified",NA,"N",NA,"Balimuda","ID-KI","Kalimantan Timur",NA,NA,NA,NA,NA,NA,NA,NA,NA,NA,NA,NA,NA,"KI",0.9054,118.4248
"ID-KI-078","KI","BMP","not-certified",NA,"N",NA,"Bima Palma","ID-KI","Kalimantan Timur",NA,NA,NA,NA,NA,NA,NA,NA,NA,NA,NA,NA,NA,"KI",1.2651,117.6025
"ID-KI-081","KI","UNK","not-certified",NA,"N",NA,NA,"ID-KI","Kalimantan Timur",NA,NA,NA,NA,NA,NA,NA,NA,NA,NA,NA,NA,NA,"KI",1.421,117.8564
"ID-KI-082","KI","UNK","not-certified",NA,"N",NA,NA,"ID-KI","Kalimantan Timur",NA,NA,NA,NA,NA,NA,NA,NA,NA,NA,NA,NA,NA,"KI",-0.3327,116.6581
"ID-KI-083","KI","KAL","not-certified",NA,"N",NA,"Kencana Agri","ID-KI","Kalimantan Timur",NA,NA,NA,NA,NA,NA,NA,NA,NA,NA,NA,NA,NA,"KI",0.1359,116.9165
"ID-KI-084","KI","KAL","not-certified",NA,"N",NA,"Kencana Agri","ID-KI","Kalimantan Timur",NA,NA,NA,NA,NA,NA,NA,NA,NA,NA,NA,NA,NA,"KI",0.0179,116.8418
"ID-KI-085","KI","UNK","not-certified",NA,"N",NA,NA,"ID-KI","Kalimantan Timur",NA,NA,NA,NA,NA,NA,NA,NA,NA,NA,NA,NA,NA,"KI",0.1961,116.9801
"ID-KI-086","KI","OT","not-certified",NA,"N",NA,"Other / Unknown","ID-KI","Kalimantan Timur",NA,NA,NA,NA,NA,NA,NA,NA,NA,NA,NA,NA,NA,"KI",-0.729,117.1857
"ID-KI-088","KI","UNK","not-certified",NA,"N",NA,NA,"ID-KI","Kalimantan Timur",NA,NA,NA,NA,NA,NA,NA,NA,NA,NA,NA,NA,NA,"KI",-0.3511,117.3936
"ID-KI-089","KI","UNK","not-certified",NA,"N",NA,NA,"ID-KI","Kalimantan Timur",NA,NA,NA,NA,NA,NA,NA,NA,NA,NA,NA,NA,NA,"KI",-2.1805,116.2093
"ID-KI-091","KI","BM","not-certified",NA,"N",NA,"Balimuda","ID-KI","Kalimantan Timur",NA,NA,NA,NA,NA,NA,NA,NA,NA,45,45,45,45,"KI",-1.4822,116.1497
"ID-KI-092","KI","TEL","not-certified",NA,"N",NA,"Teladan Prima","ID-KI","Kalimantan Timur",NA,NA,NA,NA,NA,NA,45,45,45,45,45,NA,NA,"KI",1.1181,117.8088
"ID-KI-093","KI","PTPN","not-certified",NA,"N",NA,"PTPN","ID-KI","Kalimantan Timur",NA,NA,NA,NA,NA,NA,NA,NA,NA,NA,NA,NA,NA,"KI",-1.6308,116.1403
"ID-KI-094","KI","TAP","not-certified",NA,"Y",2007,"Triputra Agro Persada","ID-KI","Kalimantan Timur",NA,NA,NA,NA,NA,NA,NA,NA,NA,NA,NA,NA,NA,"KI",0.7797,116.6098
"ID-KI-095","KI","FIR","not-certified",NA,"Y",2008,"First Resources","ID-KI","Kalimantan Timur",NA,NA,NA,NA,NA,NA,NA,NA,NA,NA,NA,NA,NA,"KI",-0.876,115.8912
"ID-KS-001","KS","TJ","not-certified",NA,"N",NA,"Tianjin Julong","ID-KS","Kalimantan Selatan",NA,NA,NA,NA,NA,NA,NA,NA,45,45,60,60,60,"KS",-3.0543,114.8713
"ID-KS-002","KS","HAS","not-certified",NA,"N",NA,"Hasnur","ID-KS","Kalimantan Selatan",NA,NA,NA,NA,NA,NA,NA,NA,45,45,45,45,45,"KS",-2.9616,114.9859
"ID-KS-003","KS","GENP","not-certified",NA,"Y",2006,"Genting Plantations","ID-KS","Kalimantan Selatan",NA,NA,NA,NA,NA,NA,NA,NA,NA,NA,NA,NA,NA,"KS",-3.0038,114.9355
"ID-KS-004","KS","AAL","not-certified",NA,"N",NA,"Astra Agro Lestari","ID-KS","Kalimantan Selatan",NA,NA,NA,NA,NA,NA,NA,NA,45,45,45,45,45,"KS",-2.6529,114.9708
"ID-KS-005","KS","AAL","not-certified",NA,"N",NA,"Astra Agro Lestari","ID-KS","Kalimantan Selatan",NA,NA,30,30,30,30,30,30,30,30,30,30,30,"KS",-2.138,115.4885
"ID-KS-006","KS","AAL","not-certified",NA,"N",NA,"Astra Agro Lestari","ID-KS","Kalimantan Selatan",NA,NA,NA,NA,NA,NA,NA,40,45,45,45,45,45,"KS",-1.9916,115.5091
"ID-KS-007","KS","MAKIN","not-certified",NA,"N",NA,"Matahari Kahuripan Indonesia","ID-KS","Kalimantan Selatan",NA,NA,NA,NA,NA,45,45,30,30,30,30,30,30,"KS",-3.8106,115.1733
"ID-KS-008","KS","WIN","certified",2014,"Y",2012,"Wings","ID-KS","Kalimantan Selatan",NA,NA,NA,NA,45,45,45,45,90,90,90,90,90,"KS",-3.8229,114.9637
"ID-KS-009","KS","SM","certified",2011,"Y",2011,"Sinarmas","ID-KS","Kalimantan Selatan",30,30,30,30,30,30,30,30,30,30,30,30,30,"KS",-3.7902,115.2833
"ID-KS-010","KS","JAWA","not-certified",NA,"N",NA,"Jaya Agra Wattie","ID-KS","Kalimantan Selatan",NA,NA,NA,NA,30,30,30,30,45,45,45,45,45,"KS",-3.8984,115.2052
"ID-KS-011","KS","PTPN","not-certified",NA,"N",NA,"PTPN","ID-KS","Kalimantan Selatan",NA,NA,NA,NA,NA,NA,30,30,30,30,30,30,30,"KS",-3.724,114.786
"ID-KS-012","KS","OT","not-certified",NA,"N",NA,"Other / Unknown","ID-KS","Kalimantan Selatan",NA,NA,NA,NA,NA,NA,NA,NA,NA,NA,NA,NA,NA,"KS",-3.9417,114.8161
"ID-KS-013","KS","UNK","not-certified",NA,"N",NA,NA,"ID-KS","Kalimantan Selatan",NA,NA,NA,NA,NA,NA,NA,NA,NA,NA,NA,NA,NA,"KS",-3.9451,114.9534
"ID-KS-014","KS","WIN","certified",2014,"Y",2012,"Wings","ID-KS","Kalimantan Selatan",60,60,60,60,60,60,60,30,60,60,60,60,60,"KS",-3.7384,115.4541
"ID-KS-015","KS","SD","certified",2010,"Y",2004,"Sime Darby","ID-KS","Kalimantan Selatan",60,60,60,60,60,60,60,60,60,60,60,60,60,"KS",-3.6122,115.611
"ID-KS-016","KS","OT","not-certified",NA,"N",NA,"Other / Unknown","ID-KS","Kalimantan Selatan",NA,30,30,30,30,30,30,90,90,90,90,90,90,"KS",-3.6739,115.4811
"ID-KS-017","KS","SD","not-certified",NA,"Y",2004,"Sime Darby","ID-KS","Kalimantan Selatan",NA,15,15,15,15,15,15,15,15,15,15,15,15,"KS",-3.6728,115.6219
"ID-KS-018","KS","SD","certified",2013,"Y",2004,"Sime Darby","ID-KS","Kalimantan Selatan",15,15,15,15,15,15,15,60,60,60,60,60,60,"KS",-3.4898,115.7367
"ID-KS-019","KS","GAH","not-certified",NA,"Y",2014,"Goodhope Asia Holdings","ID-KS","Kalimantan Selatan",NA,NA,NA,NA,NA,NA,NA,NA,NA,NA,NA,NA,NA,"KS",-3.4522,115.6422
"ID-KS-020","KS","SM","certified",2011,"Y",2011,"Sinarmas","ID-KS","Kalimantan Selatan",60,60,60,60,60,60,60,60,60,60,60,60,60,"KS",-3.1976,116.0212
"ID-KS-021","KS","SM","not-certified",NA,"Y",2011,"Sinarmas","ID-KS","Kalimantan Selatan",60,60,60,60,60,60,60,60,60,60,60,60,60,"KS",-3.0522,116.0149
"ID-KS-022","KS","SM","not-certified",NA,"Y",2011,"Sinarmas","ID-KS","Kalimantan Selatan",NA,NA,NA,NA,45,45,45,45,45,45,45,45,45,"KS",-2.9433,116.0467
"ID-KS-023","KS","SM","not-certified",NA,"Y",2011,"Sinarmas","ID-KS","Kalimantan Selatan",15,15,15,15,15,15,15,15,15,15,15,15,15,"KS",-2.8083,116.1856
"ID-KS-024","KS","SD","certified",2010,"Y",2004,"Sime Darby","ID-KS","Kalimantan Selatan",48,48,40,40,40,45,45,40,40,40,60,60,60,"KS",-3.4955,116.1672
"ID-KS-025","KS","SD","certified",2013,"Y",2004,"Sime Darby","ID-KS","Kalimantan Selatan",60,60,60,60,60,60,60,60,60,60,60,60,60,"KS",-2.3786,116.2054
"ID-KS-026","KS","SD","certified",2011,"Y",2004,"Sime Darby","ID-KS","Kalimantan Selatan",NA,45,45,45,45,45,45,45,45,45,45,45,45,"KS",-2.4391,116.1151
"ID-KS-027","KS","SD","certified",2011,"Y",2004,"Sime Darby","ID-KS","Kalimantan Selatan",60,60,60,60,60,60,60,60,60,60,60,60,60,"KS",-2.3738,116.3297
"ID-KS-028","KS","SD","certified",2011,"Y",2004,"Sime Darby","ID-KS","Kalimantan Selatan",60,60,60,60,60,60,60,60,60,60,60,60,60,"KS",-2.4808,116.5107
"ID-KS-029","KS","SD","not-certified",NA,"Y",2004,"Sime Darby","ID-KS","Kalimantan Selatan",NA,60,60,60,60,60,60,60,30,30,60,60,60,"KS",-2.4976,116.203
"ID-KS-030","KS","EHP","not-certified",NA,"Y",2008,"Eagle High Plantations","ID-KS","Kalimantan Selatan",NA,NA,NA,NA,45,45,45,60,60,60,60,60,60,"KS",-3.3366,115.7712
"ID-KS-031","KS","TPS","not-certified",NA,"N",NA,"TPS (Tiga Pilar Sejahtera) Food","ID-KS","Kalimantan Selatan",NA,30,30,30,30,30,30,30,30,30,30,30,30,"KS",-3.9649,116.0982
"ID-KS-032","KS","KAL","not-certified",NA,"N",NA,"Kencana Agri","ID-KS","Kalimantan Selatan",30,30,30,30,30,30,30,45,60,60,60,60,60,"KS",-2.4009,115.9899
"ID-KS-033","KS","JAWA","not-certified",NA,"N",NA,"Jaya Agra Wattie","ID-KS","Kalimantan Selatan",NA,NA,NA,NA,NA,NA,NA,NA,45,45,45,45,45,"KS",-2.9629,114.7102
"ID-KS-034","KS","OT","not-certified",NA,"N",NA,"Other / Unknown","ID-KS","Kalimantan Selatan",NA,NA,NA,NA,NA,NA,NA,NA,NA,NA,NA,NA,NA,"KS",-3.0208,115.9467
"ID-KS-035","KS","DM","not-certified",NA,"N",NA,"Duta Marga","ID-KS","Kalimantan Selatan",NA,NA,NA,NA,NA,NA,NA,NA,NA,NA,NA,NA,NA,"KS",-2.9982,115.9568
"ID-KS-036","KS","OT","not-certified",NA,"N",NA,"Other / Unknown","ID-KS","Kalimantan Selatan",NA,NA,NA,NA,NA,NA,NA,NA,NA,NA,NA,NA,NA,"KS",-2.9709,115.9547
"ID-KS-037","KS","EHP","not-certified",NA,"Y",2008,"Eagle High Plantations","ID-KS","Kalimantan Selatan",NA,NA,NA,NA,NA,NA,NA,NA,NA,NA,45,45,45,"KS",-2.6235,116.1569
"ID-KS-038","KS","SM","not-certified",NA,"Y",2011,"Sinarmas","ID-KS","Kalimantan Selatan",NA,NA,NA,NA,NA,NA,NA,NA,NA,NA,40,40,40,"KS",-2.5473,116.14
"ID-KS-039","KS","OT","not-certified",NA,"N",NA,"Other / Unknown","ID-KS","Kalimantan Selatan",NA,NA,NA,NA,NA,NA,NA,NA,NA,NA,30,30,30,"KS",-3.3728,115.9063
"ID-KS-040","KS","UNK","not-certified",NA,"N",NA,NA,"ID-KS","Kalimantan Selatan",NA,NA,NA,NA,NA,NA,NA,NA,NA,NA,NA,NA,NA,"KS",-3.9059,114.931
"ID-KS-041","KS","OT","not-certified",NA,"N",NA,"Other / Unknown","ID-KS","Kalimantan Selatan",NA,NA,NA,NA,NA,NA,NA,NA,NA,NA,NA,NA,NA,"KS",-2.9288,114.9514
"ID-KT-001","KT","GENP","not-certified",NA,"Y",2006,"Genting Plantations","ID-KT","Kalimantan Tengah",NA,NA,NA,NA,NA,NA,NA,NA,NA,45,45,45,45,"KT",-0.8427,114.0791
"ID-KT-002","KT","MAKIN","not-certified",NA,"N",NA,"Matahari Kahuripan Indonesia","ID-KT","Kalimantan Tengah",30,60,80,80,80,80,80,80,80,80,60,60,60,"KT",-1.1133,114.8877
"ID-KT-003","KT","AGI","not-certified",NA,"N",NA,"Agroindo","ID-KT","Kalimantan Tengah",NA,NA,NA,NA,NA,NA,NA,NA,45,45,45,45,45,"KT",-1.1793,114.0318
"ID-KT-004","KT","OT","not-certified",NA,"N",NA,"Other / Unknown","ID-KT","Kalimantan Tengah",NA,NA,NA,NA,NA,NA,NA,NA,NA,NA,NA,NA,NA,"KT",-1.7518,115.0437
"ID-KT-005","KT","AEP","not-certified",NA,"N",NA,"Anglo-Eastern Plantation","ID-KT","Kalimantan Tengah",NA,NA,NA,NA,NA,NA,NA,NA,NA,NA,NA,45,45,"KT",-2.0727,115.0685
"ID-KT-006","KT","TJ","not-certified",NA,"N",NA,"Tianjin Julong","ID-KT","Kalimantan Tengah",NA,NA,NA,NA,NA,NA,NA,45,45,45,90,90,90,"KT",-2.6751,114.3788
"ID-KT-007","KT","OT","not-certified",NA,"N",NA,"Other / Unknown","ID-KT","Kalimantan Tengah",NA,NA,NA,NA,NA,NA,NA,NA,NA,NA,60,60,60,"KT",-1.5119,113.4667
"ID-KT-008","KT","STA","not-certified",NA,"N",NA,"Sumber Tani Agung","ID-KT","Kalimantan Tengah",NA,NA,NA,NA,NA,NA,NA,NA,NA,NA,NA,NA,NA,"KT",-1.4215,113.4011
"ID-KT-009","KT","MT","not-certified",NA,"N",NA,"Mentari","ID-KT","Kalimantan Tengah",NA,NA,NA,NA,NA,NA,NA,NA,NA,NA,NA,60,60,"KT",-1.9431,114.1813
"ID-KT-010","KT","OT","not-certified",NA,"N",NA,"Other / Unknown","ID-KT","Kalimantan Tengah",NA,NA,NA,NA,NA,NA,60,60,60,60,60,60,60,"KT",-1.4382,112.8741
"ID-KT-011","KT","OT","not-certified",NA,"N",NA,"Other / Unknown","ID-KT","Kalimantan Tengah",NA,NA,NA,NA,NA,NA,45,45,45,45,45,45,45,"KT",-1.4753,112.7495
"ID-KT-012","KT","EHP","not-certified",NA,"Y",2008,"Eagle High Plantations","ID-KT","Kalimantan Tengah",NA,NA,NA,NA,NA,NA,NA,NA,45,45,45,45,45,"KT",-1.5889,112.8619
"ID-KT-013","KT","EHP","not-certified",NA,"Y",2008,"Eagle High Plantations","ID-KT","Kalimantan Tengah",5,5,5,5,60,60,60,60,60,60,60,60,60,"KT",-1.6786,112.9374
"ID-KT-014","KT","BGA","not-certified",NA,"Y",2007,"Bumitama Gunajaya Agro","ID-KT","Kalimantan Tengah",NA,NA,NA,NA,NA,NA,NA,NA,NA,45,45,45,45,"KT",-1.5678,112.7204
"ID-KT-015","KT","OT","not-certified",NA,"N",NA,"Other / Unknown","ID-KT","Kalimantan Tengah",NA,20,20,20,20,30,30,30,30,30,40,40,40,"KT",-1.801,113.1817
"ID-KT-016","KT","BGA","not-certified",NA,"Y",2007,"Bumitama Gunajaya Agro","ID-KT","Kalimantan Tengah",NA,NA,NA,NA,NA,NA,NA,NA,NA,NA,NA,NA,NA,"KT",-1.883,113.0318
"ID-KT-017","KT","BGA","certified",2013,"Y",2007,"Bumitama Gunajaya Agro","ID-KT","Kalimantan Tengah",NA,NA,NA,NA,90,90,90,90,90,90,90,90,90,"KT",-1.9937,113.062
"ID-KT-018","KT","TSH","certified",2015,"Y",2014,"TSH Resources","ID-KT","Kalimantan Tengah",NA,NA,NA,NA,NA,NA,45,45,45,45,45,45,45,"KT",-1.9968,112.9273
"ID-KT-019","KT","AJ","not-certified",NA,"N",NA,"Asam Jawa","ID-KT","Kalimantan Tengah",NA,NA,NA,NA,NA,30,30,45,45,45,45,45,45,"KT",-1.9937,112.8317
"ID-KT-020","KT","MAKIN","not-certified",NA,"N",NA,"Matahari Kahuripan Indonesia","ID-KT","Kalimantan Tengah",NA,NA,NA,NA,NA,NA,NA,NA,NA,NA,NA,NA,NA,"KT",-1.9068,112.8329
"ID-KT-021","KT","BGA","certified",2013,"Y",2007,"Bumitama Gunajaya Agro","ID-KT","Kalimantan Tengah",30,30,30,30,30,75,75,75,75,75,90,90,90,"KT",-1.7607,112.599
"ID-KT-022","KT","MM","certified",2012,"Y",2004,"Musim Mas","ID-KT","Kalimantan Tengah",NA,NA,NA,NA,NA,NA,NA,NA,90,90,90,90,90,"KT",-1.5952,112.5998
"ID-KT-023","KT","BGA","certified",NA,"Y",2007,"Bumitama Gunajaya Agro","ID-KT","Kalimantan Tengah",NA,NA,NA,NA,NA,NA,NA,NA,NA,45,45,45,45,"KT",-2.0987,113.0406
"ID-KT-024","KT","BGA","not-certified",NA,"Y",2007,"Bumitama Gunajaya Agro","ID-KT","Kalimantan Tengah",NA,NA,NA,NA,NA,NA,NA,NA,NA,NA,NA,45,45,"KT",-2.2534,113.3794
"ID-KT-025","KT","ZTE","not-certified",NA,"N",NA,"ZTE","ID-KT","Kalimantan Tengah",NA,NA,NA,NA,NA,NA,NA,NA,NA,NA,NA,NA,NA,"KT",-2.133,112.9068
"ID-KT-026","KT","BGA","not-certified",NA,"Y",2007,"Bumitama Gunajaya Agro","ID-KT","Kalimantan Tengah",NA,NA,NA,NA,NA,45,45,45,45,45,90,90,90,"KT",-2.3911,111.3733
"ID-KT-027","KT","GAH","certified",NA,"Y",2014,"Goodhope Asia Holdings","ID-KT","Kalimantan Tengah",NA,NA,NA,NA,NA,NA,NA,NA,90,90,90,90,90,"KT",-1.8576,112.3977
"ID-KT-028","KT","GAH","not-certified",NA,"Y",2014,"Goodhope Asia Holdings","ID-KT","Kalimantan Tengah",NA,NA,NA,NA,NA,NA,NA,NA,NA,NA,NA,NA,NA,"KT",-1.9225,112.2938
"ID-KT-029","KT","SM","not-certified",NA,"Y",2011,"Sinarmas","ID-KT","Kalimantan Tengah",NA,NA,NA,NA,NA,NA,NA,40,40,40,80,80,80,"KT",-1.9705,112.3703
"ID-KT-030","KT","KLK","not-certified",NA,"Y",2004,"Kuala Lumpur Kepong","ID-KT","Kalimantan Tengah",NA,NA,NA,NA,NA,NA,NA,NA,NA,NA,NA,70,70,"KT",-2.0423,112.49
"ID-KT-031","KT","WIL","certified",2014,"Y",2005,"Wilmar Group","ID-KT","Kalimantan Tengah",NA,NA,NA,NA,NA,NA,NA,45,45,45,45,45,45,"KT",-2.1647,112.5694
"ID-KT-032","KT","WIL","certified",NA,"Y",2005,"Wilmar Group","ID-KT","Kalimantan Tengah",NA,NA,NA,NA,NA,NA,NA,NA,NA,45,45,45,45,"KT",-2.2399,112.6305
"ID-KT-033","KT","WIL","certified",2012,"Y",2005,"Wilmar Group","ID-KT","Kalimantan Tengah",NA,NA,NA,NA,NA,NA,45,45,45,45,45,45,45,"KT",-2.2296,112.4933
"ID-KT-034","KT","AAL","not-certified",NA,"N",NA,"Astra Agro Lestari","ID-KT","Kalimantan Tengah",60,60,60,60,60,60,60,60,60,60,60,60,60,"KT",-2.3773,111.7929
"ID-KT-035","KT","AAL","not-certified",NA,"N",NA,"Astra Agro Lestari","ID-KT","Kalimantan Tengah",NA,60,60,60,60,60,60,60,60,60,100,100,100,"KT",-2.3009,111.8373
"ID-KT-036","KT","AAL","not-certified",NA,"N",NA,"Astra Agro Lestari","ID-KT","Kalimantan Tengah",NA,NA,NA,NA,NA,NA,NA,45,45,45,45,45,45,"KT",-2.0919,111.4871
"ID-KT-037","KT","AAL","not-certified",NA,"N",NA,"Astra Agro Lestari","ID-KT","Kalimantan Tengah",NA,NA,NA,NA,45,45,45,45,45,45,60,60,60,"KT",-2.255,111.976
"ID-KT-038","KT","SJAI","not-certified",NA,"N",NA,"Sinar Jaya Agro Investama (SJAI)","ID-KT","Kalimantan Tengah",NA,NA,NA,NA,NA,NA,NA,NA,NA,NA,NA,NA,NA,"KT",-2.4874,113.0073
"ID-KT-039","KT","KLK","not-certified",NA,"Y",2004,"Kuala Lumpur Kepong","ID-KT","Kalimantan Tengah",NA,NA,NA,NA,NA,NA,NA,NA,NA,60,60,60,60,"KT",-2.4316,112.7513
"ID-KT-040","KT","MM","certified",2011,"Y",2004,"Musim Mas","ID-KT","Kalimantan Tengah",NA,NA,NA,NA,NA,NA,45,45,45,45,45,45,45,"KT",-2.4783,112.6453
"ID-KT-041","KT","AJ","not-certified",NA,"N",NA,"Asam Jawa","ID-KT","Kalimantan Tengah",NA,NA,NA,NA,NA,30,30,30,30,30,30,30,30,"KT",-2.5829,112.627
"ID-KT-042","KT","WIL","certified",2015,"Y",2005,"Wilmar Group","ID-KT","Kalimantan Tengah",NA,NA,NA,NA,NA,NA,NA,NA,NA,45,45,45,45,"KT",-2.8358,112.5718
"ID-KT-043","KT","WIL","certified",2012,"Y",2005,"Wilmar Group","ID-KT","Kalimantan Tengah",NA,NA,NA,NA,NA,NA,NA,45,45,45,45,45,45,"KT",-2.8944,112.5436
"ID-KT-044","KT","TAP","not-certified",NA,"Y",2007,"Triputra Agro Persada","ID-KT","Kalimantan Tengah",NA,NA,NA,NA,NA,NA,NA,60,60,60,60,60,60,"KT",-2.9505,112.3483
"ID-KT-045","KT","SD","certified",2009,"Y",2004,"Sime Darby","ID-KT","Kalimantan Tengah",30,30,45,45,45,45,45,45,45,45,45,45,45,"KT",-2.4438,112.0071
"ID-KT-046","KT","SM","certified",2012,"Y",2011,"Sinarmas","ID-KT","Kalimantan Tengah",30,80,80,80,80,80,80,80,80,80,80,80,80,"KT",-2.3202,112.3348
"ID-KT-047","KT","MM","certified",2010,"Y",2004,"Musim Mas","ID-KT","Kalimantan Tengah",NA,NA,45,45,45,90,90,90,90,90,90,90,90,"KT",-2.3811,112.5397
"ID-KT-048","KT","SA","not-certified",NA,"Y",2007,"Sampoerna Agro","ID-KT","Kalimantan Tengah",90,90,90,90,90,60,60,75,75,75,75,75,75,"KT",-2.6304,111.2567
"ID-KT-049","KT","MAKIN","not-certified",NA,"N",NA,"Matahari Kahuripan Indonesia","ID-KT","Kalimantan Tengah",NA,NA,NA,NA,NA,NA,NA,NA,NA,45,45,45,45,"KT",-2.0252,112.6719
"ID-KT-050","KT","SA","not-certified",NA,"Y",2007,"Sampoerna Agro","ID-KT","Kalimantan Tengah",NA,NA,30,30,30,30,30,60,60,60,60,60,60,"KT",-2.1344,111.1825
"ID-KT-051","KT","AAL","not-certified",NA,"N",NA,"Astra Agro Lestari","ID-KT","Kalimantan Tengah",60,60,60,60,60,60,60,60,60,60,60,60,60,"KT",-2.3656,111.9551
"ID-KT-052","KT","SM","certified",2011,"Y",2011,"Sinarmas","ID-KT","Kalimantan Tengah",80,80,80,80,80,80,80,80,80,80,80,80,80,"KT",-2.3609,112.1097
"ID-KT-053","KT","KSK","not-certified",NA,"N",NA,"Kalimantan Sawit Kusuma","ID-KT","Kalimantan Tengah",30,30,30,30,30,90,90,90,90,90,90,90,90,"KT",-2.2929,111.1674
"ID-KT-054","KT","SA","not-certified",NA,"Y",2007,"Sampoerna Agro","ID-KT","Kalimantan Tengah",NA,NA,NA,NA,NA,NA,NA,NA,NA,90,90,90,90,"KT",-2.3315,111.2804
"ID-KT-055","KT","GAH","certified",2015,"Y",2014,"Goodhope Asia Holdings","ID-KT","Kalimantan Tengah",NA,NA,NA,NA,NA,NA,45,45,45,45,90,90,90,"KT",-2.5637,112.7694
"ID-KT-056","KT","CBI","certified",2015,"Y",2007,"Citra Borneo Indah","ID-KT","Kalimantan Tengah",NA,NA,NA,NA,NA,NA,NA,NA,60,60,60,60,60,"KT",-2.2655,111.722
"ID-KT-057","KT","CBI","certified",2012,"Y",2007,"Citra Borneo Indah","ID-KT","Kalimantan Tengah",NA,NA,NA,NA,90,90,90,90,90,90,90,90,90,"KT",-2.3045,111.6133
"ID-KT-058","KT","TAP","not-certified",NA,"Y",2007,"Triputra Agro Persada","ID-KT","Kalimantan Tengah",NA,NA,NA,NA,NA,NA,NA,NA,45,45,45,45,45,"KT",-1.8502,111.4694
"ID-KT-059","KT","CBI","not-certified",NA,"Y",2007,"Citra Borneo Indah","ID-KT","Kalimantan Tengah",NA,NA,NA,NA,NA,NA,NA,NA,NA,60,60,60,60,"KT",-1.9117,111.5994
"ID-KT-060","KT","MAKIN","not-certified",NA,"N",NA,"Matahari Kahuripan Indonesia","ID-KT","Kalimantan Tengah",45,45,90,90,90,90,90,90,90,90,90,90,90,"KT",-2.1119,112.747
"ID-KT-061","KT","GAH","certified",2012,"Y",2014,"Goodhope Asia Holdings","ID-KT","Kalimantan Tengah",NA,NA,NA,NA,45,45,45,90,90,90,90,90,90,"KT",-2.56,112.3735
"ID-KT-062","KT","SM","not-certified",NA,"Y",2011,"Sinarmas","ID-KT","Kalimantan Tengah",NA,NA,NA,NA,NA,NA,NA,NA,NA,NA,NA,NA,NA,"KT",-2.0356,112.2387
"ID-KT-063","KT","SD","certified",2010,"Y",2004,"Sime Darby","ID-KT","Kalimantan Tengah",30,40,45,45,45,60,60,60,60,60,60,60,60,"KT",-2.0591,112.3168
"ID-KT-064","KT","WIL","not-certified",NA,"Y",2005,"Wilmar Group","ID-KT","Kalimantan Tengah",NA,NA,NA,NA,NA,NA,NA,NA,NA,45,45,45,45,"KT",-2.6996,112.4828
"ID-KT-065","KT","SA","not-certified",NA,"Y",2007,"Sampoerna Agro","ID-KT","Kalimantan Tengah",NA,NA,NA,NA,NA,NA,NA,NA,NA,NA,60,60,60,"KT",-2.7561,112.4371
"ID-KT-066","KT","DSN","not-certified",NA,"Y",2012,"Dharma Satya Nusantara","ID-KT","Kalimantan Tengah",NA,NA,NA,NA,NA,NA,NA,NA,NA,60,60,60,60,"KT",-1.9711,111.3519
"ID-KT-067","KT","SD","certified",2010,"Y",2004,"Sime Darby","ID-KT","Kalimantan Tengah",NA,NA,NA,NA,30,30,30,30,30,30,60,60,60,"KT",-2.1485,112.2915
"ID-KT-068","KT","SM","not-certified",NA,"Y",2011,"Sinarmas","ID-KT","Kalimantan Tengah",NA,NA,NA,NA,NA,NA,NA,NA,NA,80,80,80,80,"KT",-2.2436,112.2993
"ID-KT-069","KT","MM","certified",2010,"Y",2004,"Musim Mas","ID-KT","Kalimantan Tengah",NA,NA,NA,NA,NA,NA,NA,NA,45,45,45,45,45,"KT",-2.3703,112.6026
"ID-KT-070","KT","SM","certified",2012,"Y",2011,"Sinarmas","ID-KT","Kalimantan Tengah",NA,NA,NA,NA,80,80,80,80,80,80,80,80,80,"KT",-2.2481,112.3404
"ID-KT-071","KT","MED","not-certified",NA,"N",NA,"Medco Agro","ID-KT","Kalimantan Tengah",NA,NA,NA,NA,NA,30,30,30,30,30,30,30,30,"KT",-2.1839,112.0343
"ID-KT-072","KT","FELDA","not-certified",NA,"Y",2004,"FELDA","ID-KT","Kalimantan Tengah",30,40,40,40,40,60,60,60,60,60,60,60,60,"KT",-2.1257,111.5563
"ID-KT-073","KT","UP","not-certified",NA,"Y",2004,"United Plantations","ID-KT","Kalimantan Tengah",NA,NA,NA,NA,NA,NA,60,60,60,60,60,60,60,"KT",-2.5909,111.7726
"ID-KT-075","KT","AJ","not-certified",NA,"N",NA,"Asam Jawa","ID-KT","Kalimantan Tengah",30,30,30,30,30,30,30,45,45,45,30,30,30,"KT",-2.3977,112.2237
"ID-KT-076","KT","CBI","not-certified",NA,"Y",2007,"Citra Borneo Indah","ID-KT","Kalimantan Tengah",NA,NA,NA,NA,NA,NA,NA,NA,NA,NA,NA,60,60,"KT",-1.8379,111.5328
"ID-KT-077","KT","CBI","not-certified",NA,"Y",2007,"Citra Borneo Indah","ID-KT","Kalimantan Tengah",NA,NA,NA,NA,30,30,30,45,45,45,60,60,60,"KT",-2.6059,111.6671
"ID-KT-078","KT","SM","not-certified",NA,"Y",2011,"Sinarmas","ID-KT","Kalimantan Tengah",NA,NA,NA,NA,NA,80,80,80,80,80,80,80,80,"KT",-2.4225,112.3596
"ID-KT-079","KT","MED","not-certified",NA,"N",NA,"Medco Agro","ID-KT","Kalimantan Tengah",60,60,60,60,60,30,30,30,30,30,30,30,30,"KT",-2.5429,111.6698
"ID-KT-080","KT","MAKIN","not-certified",NA,"N",NA,"Matahari Kahuripan Indonesia","ID-KT","Kalimantan Tengah",NA,NA,NA,NA,NA,NA,NA,60,60,60,60,60,60,"KT",-1.9212,112.7712
"ID-KT-081","KT","EHP","not-certified",NA,"Y",2008,"Eagle High Plantations","ID-KT","Kalimantan Tengah",45,45,120,120,120,45,45,45,45,45,60,60,60,"KT",-2.7189,111.8236
"ID-KT-082","KT","GAH","certified",2012,"Y",2014,"Goodhope Asia Holdings","ID-KT","Kalimantan Tengah",90,90,90,90,90,90,90,90,90,90,90,90,90,"KT",-2.5235,112.4138
"ID-KT-083","KT","WIL","certified",2010,"Y",2005,"Wilmar Group","ID-KT","Kalimantan Tengah",NA,NA,NA,NA,NA,NA,45,45,45,45,45,45,45,"KT",-2.7836,112.5096
"ID-KT-084","KT","AJ","not-certified",NA,"N",NA,"Asam Jawa","ID-KT","Kalimantan Tengah",NA,NA,NA,NA,NA,NA,NA,60,60,60,60,60,60,"KT",-2.4499,112.2131
"ID-KT-085","KT","CBI","certified",NA,"Y",2007,"Citra Borneo Indah","ID-KT","Kalimantan Tengah",NA,60,45,45,45,45,45,45,60,60,60,60,60,"KT",-2.4172,111.5547
"ID-KT-086","KT","WIL","certified",NA,"Y",2005,"Wilmar Group","ID-KT","Kalimantan Tengah",NA,NA,NA,NA,NA,NA,NA,NA,45,45,45,45,45,"KT",-2.4575,112.5002
"ID-KT-087","KT","WIL","certified",2009,"Y",2005,"Wilmar Group","ID-KT","Kalimantan Tengah",NA,NA,90,90,90,60,60,60,60,60,110,110,110,"KT",-2.5876,112.5118
"ID-KT-088","KT","UNK","not-certified",NA,"N",NA,NA,"ID-KT","Kalimantan Tengah",NA,NA,NA,NA,NA,NA,NA,NA,NA,NA,NA,NA,NA,"KT",-2.2021,111.4832
"ID-KT-089","KT","BEST","not-certified",NA,"N",NA,"BEST Plantation","ID-KT","Kalimantan Tengah",NA,NA,NA,NA,NA,NA,NA,NA,NA,60,60,60,60,"KT",-3.0336,113.8584
"ID-KT-090","KT","MAKIN","not-certified",NA,"N",NA,"Matahari Kahuripan Indonesia","ID-KT","Kalimantan Tengah",NA,NA,NA,NA,NA,NA,NA,NA,40,40,40,40,40,"KT",-1.1397,115.0297
"ID-KT-091","KT","AJ","not-certified",NA,"N",NA,"Asam Jawa","ID-KT","Kalimantan Tengah",NA,45,45,45,45,30,30,20,20,20,20,20,20,"KT",-1.9437,112.7287
"ID-KT-092","KT","OT","not-certified",NA,"N",NA,"Other / Unknown","ID-KT","Kalimantan Tengah",NA,NA,NA,NA,NA,NA,NA,NA,NA,30,30,30,30,"KT",-2.654,112.2459
"ID-KT-093","KT","BEST","not-certified",NA,"N",NA,"BEST Plantation","ID-KT","Kalimantan Tengah",90,90,90,90,90,90,105,105,105,105,90,90,90,"KT",-2.5064,112.0135
"ID-KT-094","KT","BEST","not-certified",NA,"N",NA,"BEST Plantation","ID-KT","Kalimantan Tengah",NA,NA,NA,NA,NA,120,120,120,120,90,90,90,90,"KT",-2.6215,112.0981
"ID-KT-095","KT","SA","not-certified",NA,"Y",2007,"Sampoerna Agro","ID-KT","Kalimantan Tengah",NA,NA,NA,NA,NA,NA,NA,NA,NA,NA,NA,NA,60,"KT",-2.13,111.332
"ID-KT-096","KT","BEST","not-certified",NA,"N",NA,"BEST Plantation","ID-KT","Kalimantan Tengah",NA,NA,NA,NA,120,120,120,60,60,60,120,120,120,"KT",-1.8286,112.9131
"ID-KT-097","KT","AJ","not-certified",NA,"N",NA,"Asam Jawa","ID-KT","Kalimantan Tengah",NA,NA,NA,NA,NA,NA,NA,NA,NA,NA,45,45,45,"KT",-1.8618,112.7207
"ID-KT-098","KT","OT","not-certified",NA,"N",NA,"Other / Unknown","ID-KT","Kalimantan Tengah",NA,NA,NA,NA,NA,NA,NA,45,45,45,90,90,90,"KT",-1.7005,112.8774
"ID-KT-099","KT","BEST","not-certified",NA,"N",NA,"BEST Plantation","ID-KT","Kalimantan Tengah",NA,NA,NA,NA,NA,NA,60,60,60,60,120,120,120,"KT",-2.559,112.4567
"ID-KT-100","KT","BEST","not-certified",NA,"N",NA,"BEST Plantation","ID-KT","Kalimantan Tengah",45,45,45,45,45,120,120,120,120,120,120,120,120,"KT",-2.2995,111.9734
"ID-KT-101","KT","MM","certified",NA,"Y",2004,"Musim Mas","ID-KT","Kalimantan Tengah",NA,NA,NA,NA,NA,NA,NA,NA,NA,NA,NA,NA,NA,"KT",-0.7707,114.7407
"ID-KT-102","KT","GENP","not-certified",NA,"Y",2006,"Genting Plantations","ID-KT","Kalimantan Tengah",NA,NA,NA,NA,NA,NA,NA,NA,NA,NA,NA,NA,NA,"KT",-2.5849,114.5944
"ID-KT-103","KT","OT","not-certified",NA,"N",NA,"Other / Unknown","ID-KT","Kalimantan Tengah",NA,NA,NA,NA,NA,NA,NA,NA,NA,NA,NA,NA,NA,"KT",-2.1068,112.7941
"ID-KT-104","KT","OT","not-certified",NA,"N",NA,"Other / Unknown","ID-KT","Kalimantan Tengah",NA,NA,NA,NA,NA,NA,NA,NA,NA,NA,NA,NA,NA,"KT",-2.035,111.569
"ID-KT-105","KT","BEST","not-certified",NA,"N",NA,"BEST Plantation","ID-KT","Kalimantan Tengah",NA,NA,NA,NA,NA,NA,NA,NA,NA,NA,NA,90,90,"KT",-2.0919,112.0406
"ID-KT-106","KT","UNK","not-certified",NA,"N",NA,NA,"ID-KT","Kalimantan Tengah",NA,NA,NA,NA,NA,NA,NA,NA,NA,NA,NA,NA,NA,"KT",-2.03,112.7708
"ID-KT-107","KT","SM","not-certified",NA,"Y",2011,"Sinarmas","ID-KT","Kalimantan Tengah",NA,NA,NA,NA,NA,NA,NA,NA,NA,NA,NA,NA,NA,"KT",-1.3499,113.5015
"ID-KT-108","KT","BGA","not-certified",NA,"Y",2007,"Bumitama Gunajaya Agro","ID-KT","Kalimantan Tengah",NA,NA,NA,NA,NA,NA,NA,NA,NA,NA,NA,30,30,"KT",-2.5055,111.3601
"ID-KT-109","KT","WIL","not-certified",NA,"Y",2005,"Wilmar Group","ID-KT","Kalimantan Tengah",NA,NA,NA,NA,NA,NA,NA,NA,NA,NA,NA,NA,NA,"KT",-2.9045,112.6128
"ID-KT-110","KT","BGA","not-certified",NA,"Y",2007,"Bumitama Gunajaya Agro","ID-KT","Kalimantan Tengah",NA,NA,NA,NA,NA,NA,NA,NA,60,60,60,60,60,"KT",-1.798,112.9854
"ID-KU-001","KU","OT","not-certified",NA,"N",NA,"Other / Unknown","ID-KU","Kalimantan Utara",NA,30,45,45,45,30,45,45,45,45,45,45,45,"KU",4.2047,117.2522
"ID-KU-002","KU","FIR","not-certified",NA,"Y",2008,"First Resources","ID-KU","Kalimantan Utara",NA,NA,NA,NA,NA,NA,NA,NA,NA,30,30,30,30,"KU",4.2383,117.3629
"ID-KU-003","KU","MAKIN","not-certified",NA,"N",NA,"Matahari Kahuripan Indonesia","ID-KU","Kalimantan Utara",NA,NA,NA,NA,NA,NA,NA,NA,NA,30,30,30,30,"KU",3.1155,117.2663
"ID-KU-004","KU","KMS","not-certified",NA,"N",NA,"Kuala Mas","ID-KU","Kalimantan Utara",NA,15,15,15,15,15,15,15,15,15,15,15,15,"KU",3.8287,116.7607
"ID-KU-005","KU","FIR","not-certified",NA,"Y",2008,"First Resources","ID-KU","Kalimantan Utara",NA,NA,NA,NA,NA,80,30,30,30,30,30,30,30,"KU",4.0362,116.927
"ID-KU-006","KU","OT","not-certified",NA,"N",NA,"Other / Unknown","ID-KU","Kalimantan Utara",NA,NA,NA,NA,NA,NA,NA,NA,NA,90,90,90,90,"KU",3.3237,117.1741
"ID-KU-007","KU","OT","not-certified",NA,"N",NA,"Other / Unknown","ID-KU","Kalimantan Utara",NA,NA,NA,NA,NA,NA,NA,30,30,30,30,30,30,"KU",4.0083,117.2549
"ID-KU-008","KU","FIR","not-certified",NA,"Y",2008,"First Resources","ID-KU","Kalimantan Utara",NA,NA,NA,NA,NA,NA,NA,NA,NA,NA,NA,NA,NA,"KU",4.1135,117.0424
"ID-KU-009","KU","UNK","not-certified",NA,"N",NA,NA,"ID-KU","Kalimantan Utara",NA,NA,NA,NA,NA,NA,NA,NA,NA,NA,NA,NA,NA,"KU",4.1621,117.7014
"ID-KU-010","KU","FELDA","not-certified",NA,"Y",2004,"FELDA","ID-KU","Kalimantan Utara",NA,NA,NA,NA,NA,NA,NA,NA,NA,NA,NA,NA,NA,"KU",3.613,117.0294
"ID-KU-011","KU","UNK","not-certified",NA,"N",NA,NA,"ID-KU","Kalimantan Utara",NA,NA,NA,NA,NA,NA,NA,NA,NA,NA,NA,NA,NA,"KU",3.4643,116.6106
